category,price,description,rating,num_ratings,discount,mrp,is_fassured,timestamp
Desktop PCs,"₹6,199",Electrobot EB31 Full Tower with Core 2 Duo 4 GB RAM 500 GB Hard Disk,3.6,(81),11% off,"₹7,000",1,2019-08-14 11:57:57.799049
Desktop PCs,"₹13,990",Lenovo IdeaCentre 310s (90HX001DIN) Full Tower with Celeron Dual Core (J4005) 4 GB RAM 1 TB Hard Disk,4.4,(59),42% off,"₹24,300",1,2019-08-14 11:57:57.799049
Desktop PCs,"₹19,990",Lenovo - (Celeron Dual Core/4 GB DDR4/1 TB/Free DOS),4.1,(143),21% off,"₹25,526",1,2019-08-14 11:57:57.799049
Desktop PCs,"₹5,999",Punta Assembled CPU Mini Tower with Dual Core 4 GB RAM 500 GB Hard Disk 0.512 GB   Graphics Memory,3.3,(136),62% off,"₹15,999",0,2019-08-14 11:57:57.803041
Desktop PCs,"₹24,990",HP - (Pentium Quad Core/4 GB DDR4/1 TB/Free DOS),3.8,(10),16% off,"₹29,997",1,2019-08-14 11:57:57.803041
Desktop PCs,"₹10,500",Electrobot Tower PC Assembled Computer With Wifi Full Tower with Intel i5-650 4 GB RAM 500 GB Hard Disk,0,0,30% off,"₹15,000",1,2019-08-14 11:57:57.803041
Desktop PCs,"₹59,990",Asus ROG (GL10CS-IN037T) Full Tower with Core i5 (9400) 8 GB RAM 256 GB SSD Capacity 4 GB   Graphics Memory,0,0,25% off,"₹80,990",1,2019-08-14 11:57:57.807038
Desktop PCs,"₹5,699",Punta PPHJGYUH24 Mini Tower with C2D 2 GB RAM 320 GB Hard Disk 0.512 GB   Graphics Memory,3.5,(15),70% off,"₹19,500",0,2019-08-14 11:57:57.808798
Desktop PCs,"₹33,270",Lenovo - (Core i3 (6th Gen)/4 GB DDR4/1 TB/Free DOS),4.4,(140),0,0,1,2019-08-14 11:57:57.809829
Desktop PCs,"₹57,990",Asus - (Core i5 (8th Gen)/8 GB DDR4/1 TB/Windows 10 Home/2 GB),0,0,26% off,"₹78,990",1,2019-08-14 11:57:57.809829
Desktop PCs,"₹64,990",Asus ROG (GL10CS-IN013T) Full Tower with Core i5 (9400) 8 GB RAM 256 GB SSD Capacity 6 GB   Graphics Memory,0,0,25% off,"₹86,990",1,2019-08-14 11:57:57.814060
Desktop PCs,"₹27,990",Lenovo 510S-07ICB (90K800CWIN) Full Tower with Core i3 (8100) 4 GB RAM 1 TB Hard Disk,0,0,19% off,"₹34,690",1,2019-08-14 11:57:57.815584
Desktop PCs,"₹12,099",Assembled HDD/LG DVD W/R /WIFI/SLIM with Intel Core i5-650 Processor 3.20 GHz 4 MB Cache 4 GB RAM 500 GB Hard Disk 2 GB   Graphics Memory,3.2,(374),51% off,"₹24,990",0,2019-08-14 11:57:57.815584
Desktop PCs,"₹9,499",Punta Assembled I5 with I5 4 GB RAM 500 GB Hard Disk 0.512 GB   Graphics Memory,3.3,(22),67% off,"₹29,250",0,2019-08-14 11:57:57.815584
Desktop PCs,"₹6,950",Electrobot Tower PC Full Tower with Core 2 Duo E7500 4 GB RAM 320 GB Hard Disk,0,0,13% off,"₹8,000",1,2019-08-14 11:57:57.819625
Desktop PCs,"₹17,490",HP Slimline 290-a0007il with Celeron J4005 (Gemini Lake) 4 GB RAM 1 TB Hard Disk 1 GB   Graphics Memory,0,0,12% off,"₹20,000",0,2019-08-14 11:57:57.819625
Desktop PCs,"₹6,500",Electrobot EB4DT Full Tower with Core 2 Duo 4 GB RAM 120 GB Hard Disk 120 GB SSD Capacity,0,0,7% off,"₹7,000",1,2019-08-14 11:57:57.819625
Desktop PCs,"₹17,990",HP - (APU Dual Core E2/4 GB DDR4/1 TB/Free DOS),4,(3),31% off,"₹26,228",1,2019-08-14 11:57:57.823611
Desktop PCs,"₹20,999",Electrobot Intel i5 2400 Mid Tower with Intel i5 2400 8 GB RAM 1 TB Hard Disk 2 GB   Graphics Memory,0,0,50% off,"₹42,000",0,2019-08-14 11:57:57.823611
Desktop PCs,"₹27,990",HP - (Pentium Quad Core/4 GB DDR4/1 TB/Windows 10 Home),4.1,(35),19% off,"₹34,937",1,2019-08-14 11:57:57.823611
Desktop PCs,"₹31,999",ZOONIS GAMING 001 Ultra Tower with I5 8 GB RAM 1 TB Hard Disk 240 GB SSD Capacity 2 GB   Graphics Memory,0,0,51% off,"₹65,999",0,2019-08-14 11:57:57.827847
Desktop PCs,"₹20,990",Wintech WING51 Full Tower with Intel core i5-2400 8 GB RAM 1 TB Hard Disk 2 GB   Graphics Memory,0,0,40% off,"₹34,999",0,2019-08-14 11:57:57.828878
Desktop PCs,"₹12,499",ZOONIS ZI5H500 with Intel Core i5 650 4 GB RAM 500 GB Hard Disk,2.9,(9),21% off,"₹15,999",0,2019-08-14 11:57:57.829765
Desktop PCs,"₹7,399",punta PUNTA4575 With WIFI Mini Tower with Core2Duo 4 GB RAM 500 GB Hard Disk .512 GB   Graphics Memory,3.4,(134),57% off,"₹17,299",0,2019-08-14 11:57:57.831178
Desktop PCs,"₹18,999",iBall Mosaic i5/1T/8G Mid Tower with Core i5 8 GB RAM 1 TB Hard Disk 1 GB   Graphics Memory,3.2,(30),47% off,"₹36,495",0,2019-08-14 11:57:57.832208
Desktop PCs,"₹10,990",RDP DC01 with Celeron J1800 4 GB RAM 500 GB Hard Disk,3.7,(174),15% off,"₹12,999",1,2019-08-14 11:57:57.833205
Desktop PCs,"₹51,949",Electrobot 5 9400F (9th Gen) Mid Tower with 9th Gen 16 GB RAM 1 TB Hard Disk 240 GB SSD Capacity 4 GB   Graphics Memory,0,0,30% off,"₹75,000",0,2019-08-14 11:57:57.834960
Desktop PCs,"₹11,999",Punta - (Core 2 Duo/4 GB DDR3/1 TB/Windows 7 Ultimate/512 MB),3.6,(15),70% off,"₹39,999",0,2019-08-14 11:57:57.835994
Desktop PCs,"₹8,888",Foxin - (Core 2 Duo/2 GB DDR2/320 GB/Free DOS/512 MB),3.5,(78),62% off,"₹24,000",0,2019-08-14 11:57:57.836990
Desktop PCs,"₹6,700",DGCAM DGCAM000129 Mid Tower with Core 2 Due 4 GB RAM 500 GB Hard Disk .512 GB   Graphics Memory,0,0,55% off,"₹14,999",0,2019-08-14 11:57:57.836990
Desktop PCs,"₹84,990",Asus ROG (GL10CS-IN032T) Full Tower with Core i7 (9700K) 8 GB RAM 256 GB SSD Capacity 6 GB   Graphics Memory,0,0,25% off,"₹1,13,990",1,2019-08-14 11:57:57.836990
Desktop PCs,"₹6,999",ZOONIS IC2D with core 2 duo 4 GB RAM 500 GB Hard Disk 512MB GB   Graphics Memory,3.7,(90),46% off,"₹12,999",0,2019-08-14 11:57:57.841129
Desktop PCs,"₹13,999",ZOONIS ASSEMBLED MINI PC with Core i3-530 4 GB RAM 500 GB Hard Disk 120 GB SSD Capacity 1.5 GB   Graphics Memory,1.7,(3),30% off,"₹19,999",0,2019-08-14 11:57:57.842972
Desktop PCs,"₹6,399",ZOONIS PC with Core 2 Duo 4 GB RAM 160 GB Hard Disk,3.5,(335),28% off,"₹8,999",0,2019-08-14 11:57:57.844004
Desktop PCs,"₹19,990",HP - (APU Dual Core E2/4 GB DDR4/1 TB/Windows 10 Home),4.1,(79),29% off,"₹28,501",1,2019-08-14 11:57:57.844004
Desktop PCs,"₹6,999",Foxin Assembled CPU With WIFI with Dual Core Processor 4 GB RAM 500 GB Hard Disk 0.512 GB   Graphics Memory,3.3,(77),58% off,"₹16,990",0,2019-08-14 11:57:57.844004
Desktop PCs,"₹9,999",Foxin Axe Red/Blue 1102 1TB with Core2Duo 4 GB RAM 1 TB Hard Disk .5 GB   Graphics Memory,2.6,(17),56% off,"₹22,990",0,2019-08-14 11:57:57.848126
Desktop PCs,"₹8,790",Wintech WTPC14 with E-8400 4 GB RAM 1 TB Hard Disk .656 GB   Graphics Memory,3.3,(9),53% off,"₹18,999",0,2019-08-14 11:57:57.848126
Desktop PCs,"₹69,990",Asus ROG (GL10CS-IN044T) Full Tower with Core i5 (9400) 8 GB RAM 256 GB SSD Capacity 6 GB   Graphics Memory,0,0,26% off,"₹94,990",1,2019-08-14 11:57:57.848126
Desktop PCs,"₹36,990",Lenovo - (Core i3 (6th Gen)/4 GB DDR4/1 TB/Windows 10 Home),2.7,(3),5% off,"₹38,990",0,2019-08-14 11:57:57.852191
Desktop PCs,"₹12,490",Wintech - (Core 2 Duo/4 GB DDR2/500 GB/Windows 7 Ultimate/4 GB),3.4,(17),43% off,"₹21,990",0,2019-08-14 11:58:07.323723
Desktop PCs,"₹5,975",iball I945C Mid Tower with Core 2 Duo 2 GB RAM 250 GB Hard Disk shared with Ram GB   Graphics Memory,0,0,62% off,"₹15,999",0,2019-08-14 11:58:07.323723
Desktop PCs,"₹22,990",Asus S340MC-0G5400066T Full Tower with Pentium Dual Core (Gold G5400) 4 GB RAM 1 TB Hard Disk,0,0,23% off,"₹29,990",1,2019-08-14 11:58:07.323723
Desktop PCs,"₹10,999",ZOONIS ZI3H500 with Intel Core i3 530 4 GB RAM 500 GB Hard Disk 1.5 GB   Graphics Memory,3.6,(40),35% off,"₹16,999",0,2019-08-14 11:58:07.328770
Desktop PCs,"₹14,999",zoonis I5 1ST GEN Ultra Tower with 630 8 GB RAM 1 TB Hard Disk 1.5 GB   Graphics Memory,3.7,(23),44% off,"₹26,999",0,2019-08-14 11:58:07.329767
Desktop PCs,"₹15,990",RDP DC301 with Core i3 (4030U) 4 GB RAM 500 GB Hard Disk,3.7,(92),11% off,"₹17,999",1,2019-08-14 11:58:07.330764
Desktop PCs,"₹41,990",HP - (Core i3/4 GB DDR4/1 TB/Windows 10 Home),0,0,13% off,"₹48,713",1,2019-08-14 11:58:07.330764
Desktop PCs,"₹12,499",SYNTRONIC S53812A23 with Core i3 2100 4 GB RAM 500 GB Hard Disk,0,0,16% off,"₹14,999",0,2019-08-14 11:58:07.330764
Desktop PCs,"₹14,999",iBall Baby Ultra Slim i3/500/4 Full Tower with Core i3 4 GB RAM 500 GB Hard Disk 1 GB   Graphics Memory,4.1,(10),50% off,"₹29,999",0,2019-08-14 11:58:07.335520
Desktop PCs,"₹15,999",iBall Ultra Slim C2D/16 Ultra Tower with Core2Duo 8 GB RAM 1 TB Hard Disk .5 GB   Graphics Memory,0,0,51% off,"₹32,999",0,2019-08-14 11:58:07.336518
Desktop PCs,"₹5,800",Electrobot Tower PC Assembled Computer with G31 Motherboard with Intel Core Full Tower with Core 2 Duo 4 GB RAM 320 GB Hard Disk,1.5,(4),10% off,"₹6,500",0,2019-08-14 11:58:07.336518
Desktop PCs,"₹12,000",Electrobot EBH55 Full Tower with Intel Core i3-530 4 GB RAM 500 GB Hard Disk 120 GB SSD Capacity,0,0,52% off,"₹25,000",0,2019-08-14 11:58:07.336518
Desktop PCs,"₹10,390",wintech - (Core 2 Duo/4 GB DDR2/500 GB/Windows 7 Ultimate),3.1,(14),48% off,"₹19,990",0,2019-08-14 11:58:07.340570
Desktop PCs,"₹21,990",HP - (Celeron Dual Core/4 GB DDR3/1 TB/Free DOS),4.2,(76),19% off,"₹27,408",1,2019-08-14 11:58:07.344566
Desktop PCs,"₹23,999",SYNTRONIC S53812A7 with Core i5 3570 8 GB RAM 2 TB Hard Disk 2 GB   Graphics Memory,0,0,7% off,"₹25,999",1,2019-08-14 11:58:07.345062
Desktop PCs,"₹22,499",Syntronic S53812 Full Tower with Core i5 (3450) 8 GB RAM 1 TB Hard Disk 2 GB   Graphics Memory,0,0,16% off,"₹26,999",1,2019-08-14 11:58:07.346059
Desktop PCs,"₹1,39,900",Apple - (Core i5 (7th Gen)/8 GB DDR4/1 TB/Mac OS X Sierra/4 GB),4,(4),0,0,0,2019-08-14 11:58:07.346059
Desktop PCs,"₹9,840",Iball Piano 135 Mid Tower with Core2Duo 4 GB RAM 500 GB Hard Disk .5 GB   Graphics Memory,2.7,(3),45% off,"₹17,999",0,2019-08-14 11:58:07.350311
Desktop PCs,"₹6,075",Foxin Axe Red/Blue 1102 500 with Core2Duo 2 GB RAM 500 GB Hard Disk .256 GB   Graphics Memory,3.5,(15),62% off,"₹15,990",0,2019-08-14 11:58:07.351308
Desktop PCs,"₹27,088",HP - (Celeron Dual Core/4 GB DDR4/1 TB/Windows 10 Home),4.4,(21),8% off,"₹29,479",0,2019-08-14 11:58:07.352305
Desktop PCs,"₹22,999",DGCAM PUBG GAMING BUDGET PC 01 Microtower with i5 8 GB RAM 1 TB Hard Disk 128 GB SSD Capacity 2 GB   Graphics Memory,0,0,48% off,"₹45,000",0,2019-08-14 11:58:07.353303
Desktop PCs,"₹10,600","Gigabyte GIG-BRIX - Windows 10, intel, N2807 Quadcore, 0 GB Graphics Card, DDR3, hdd hdd Mini PC",0,0,33% off,"₹15,999",0,2019-08-14 11:58:07.353303
Desktop PCs,"₹12,499",iBall Piano 135 /1T/4G Mid Tower with Core2Duo 4 GB RAM 1 TB Hard Disk .5 GB   Graphics Memory,0,0,45% off,"₹22,999",0,2019-08-14 11:58:07.353303
Desktop PCs,"₹6,088",Punta Assembled Vintage Mini Tower with WIFI And Dual Core 2 GB RAM 320 GB Hard Disk .5 GB   Graphics Memory,3.4,(47),44% off,"₹11,000",0,2019-08-14 11:58:07.357583
Desktop PCs,"₹9,777",Punta - (Pentium Dual Core/2 GB DDR2/320 GB/Free DOS/512 MB),3.5,(73),47% off,"₹18,647",0,2019-08-14 11:58:07.358580
Desktop PCs,"₹1,700","Thinvent Micro 2 2018 Zero Client - Linux, ARM, arm_dual_core_cortex_a9_omap_4, 512 MB ddr3_sdram, 4 GB FLASH 512 Mini PC",4.8,(5),52% off,"₹3,599",0,2019-08-14 11:58:07.359577
Desktop PCs,"₹41,800",Lenovo - (Core i3 (6th Gen)/4 GB DDR4/1 TB/Free DOS),3.9,(22),7% off,"₹45,000",0,2019-08-14 11:58:07.359577
Desktop PCs,"₹42,990",Dell - (Core i3/4 GB DDR4/1 TB/Windows 10 Home),0,0,14% off,"₹49,990",0,2019-08-14 11:58:07.363615
Desktop PCs,"₹35,990",Asus - (Core i3/4 GB DDR4/1 TB/Windows 10 Home),4.2,(17),8% off,"₹39,192",1,2019-08-14 11:58:07.363615
Desktop PCs,"₹5,480",PUNTA 4344 Mini Tower with Core2Dual 2 GB RAM 320 GB Hard Disk,0,0,75% off,"₹21,999",0,2019-08-14 11:58:07.367835
Desktop PCs,"₹28,990",Foxin FC-6605 Gaming Mid Tower with Core i5 8 GB RAM 2 TB Hard Disk 1.5 GB   Graphics Memory,0,0,27% off,"₹39,990",0,2019-08-14 11:58:07.368971
Desktop PCs,"₹44,990",Lenovo - (Core i3 (7th Gen)/4 GB DDR4/1 TB/Windows 10 Home),3.4,(5),4% off,"₹47,000",0,2019-08-14 11:58:07.369968
Desktop PCs,"₹27,300",Reo RL312 Mini Tower with Core i5 (2400) 8 GB RAM 1 TB Hard Disk 2 GB   Graphics Memory,0,0,0,0,1,2019-08-14 11:58:07.369968
Desktop PCs,"₹19,890",iball PCDC4 Mid Tower with Intel Core i3 8 GB RAM 1000 GB Hard Disk 120 GB SSD Capacity N/A GB   Graphics Memory,0,0,13% off,"₹22,999",0,2019-08-14 11:58:07.369968
Desktop PCs,"₹5,799",Punta PUNTAAU225 Mini Tower with Core2Duo 4 GB RAM 250 GB Hard Disk .512 GB   Graphics Memory,3.1,(21),55% off,"₹12,999",0,2019-08-14 11:58:07.375190
Desktop PCs,"₹5,700",Electrobot Tower PC Assembled Computer Full Tower with Intel Core 2 Duo E7500 4 GB RAM 160 GB Hard Disk,0,0,4% off,"₹5,999",0,2019-08-14 11:58:07.376221
Desktop PCs,"₹6,790",Wintech WTPC2500 with Intel 2 GB RAM 500 GB Hard Disk,0,0,54% off,"₹14,799",0,2019-08-14 11:58:07.376221
Desktop PCs,"₹7,695",sr it solution cpu106 with cour 2 duo 4 GB RAM 320 GB Hard Disk 512mb GB   Graphics Memory,0,0,26% off,"₹10,500",0,2019-08-14 11:58:07.376221
Desktop PCs,"₹7,500",sr it solution cpu103 with dual cour 2 GB RAM 500 GB Hard Disk 512mb GB   Graphics Memory,0,0,26% off,"₹10,250",0,2019-08-14 11:58:07.380360
Desktop PCs,"₹45,000",ZOONIS Core i5 7th Gen Mid Tower with CORE I5 7TH GEN 8 GB RAM 1 TB Hard Disk 4GB GB   Graphics Memory,0,0,2% off,"₹45,999",0,2019-08-14 11:58:07.380360
Desktop PCs,"₹2,89,990",Asus ROG (GL12CX-IN015T) Full Tower with Core i9 (9900K) 32 GB RAM 2 TB Hard Disk 512 GB SSD Capacity 11 GB   Graphics Memory,0,0,15% off,"₹3,41,990",1,2019-08-14 11:58:16.149435
Desktop PCs,"₹29,990",punta - (Core i7/4 GB DDR3/500 GB/Windows 10 Pro/1 GB),0,0,25% off,"₹39,999",0,2019-08-14 11:58:16.150466
Desktop PCs,"₹20,999",ZOONIS P610il with Intel core i5 8 GB RAM 1 TB Hard Disk 2 GB GB   Graphics Memory,2.6,(12),25% off,"₹27,999",0,2019-08-14 11:58:16.150466
Desktop PCs,"₹7,999",sr it solution cpu25 with cour 2 duo 4 GB RAM 500 GB Hard Disk 512mb GB   Graphics Memory,0,0,25% off,"₹10,795",0,2019-08-14 11:58:16.154654
Desktop PCs,"₹20,499",SYNTRONIC S53812A32 with Core i3 3220 4 GB RAM 2 TB Hard Disk 2 GB   Graphics Memory,0,0,18% off,"₹24,999",1,2019-08-14 11:58:16.155307
Desktop PCs,"₹13,999",Foxin FFVFFI5Ser with I5 8 GB RAM 1 TB Hard Disk 1 GB   Graphics Memory,0,0,53% off,"₹30,000",0,2019-08-14 11:58:16.156304
Desktop PCs,"₹1,99,990",Asus ROG (GL12CX-IN016T) Full Tower with Core i7 (9700K) 16 GB RAM 1 TB Hard Disk 256 GB SSD Capacity 8 GB   Graphics Memory,0,0,14% off,"₹2,33,990",1,2019-08-14 11:58:16.156304
Desktop PCs,"₹5,500","Artek X96 Mini PC Android 8.1 (4GB DDR4+64GB - Android v4.4 (KitKat), Cortex, Amlogic S905X2, 4 GB DDR3, 64 GB Flash 4 Mini PC",0,0,31% off,"₹7,999",0,2019-08-14 11:58:16.156304
Desktop PCs,"₹14,999",Lenovo - (Core i3 (6th Gen)/4 GB DDR4/1 TB/Windows 10 Home),2.1,(7),41% off,"₹25,437",0,2019-08-14 11:58:16.160343
Desktop PCs,"₹21,999",ZOONIS ZD3D500 with Intel G2010 Dual Core 4 GB RAM 500 GB Hard Disk 2 GB   Graphics Memory,0,0,15% off,"₹25,999",0,2019-08-14 11:58:16.160343
Desktop PCs,"₹11,999",zoonis Z10NS117 Mid Tower with CORE 2 DUO 2 RAM 1 TB Hard Disk MB GB   Graphics Memory,0,0,7% off,"₹12,999",0,2019-08-14 11:58:16.164338
Desktop PCs,"₹15,499",SYNTRONIC S53812A4 with Core i5 2400 4 GB RAM 1 TB Hard Disk,0,0,18% off,"₹18,999",1,2019-08-14 11:58:16.164814
Desktop PCs,"₹9,599",zoonis Z10NS119 Mid Tower with CORE 2 DUO 4 RAM 1 TB Hard Disk MB GB   Graphics Memory,0,0,16% off,"₹11,500",0,2019-08-14 11:58:16.165846
Desktop PCs,"₹7,950",cpu inc2d500 with core 2 duo 4 GB RAM 500 GB Hard Disk 512 GB   Graphics Memory,0,0,24% off,"₹10,550",0,2019-08-14 11:58:16.165846
Desktop PCs,"₹15,999",zoonis I3 1ST GEN Ultra Tower with 530 4 GB RAM 500 GB Hard Disk 1.5GB GB   Graphics Memory,0,0,15% off,"₹18,999",0,2019-08-14 11:58:16.165846
Desktop PCs,"₹17,999",zoonis Z10NS127 Mid Tower with CORE i3 2nd gen 8 RAM 1 TB Hard Disk GB GB   Graphics Memory,0,0,10% off,"₹19,999",0,2019-08-14 11:58:16.170387
Desktop PCs,"₹6,999",Zoonis Z10NSDVD101 Mid Tower with CORE 2 DUO 2 RAM 160 GB Hard Disk MB GB   Graphics Memory,0,0,23% off,"₹9,199",0,2019-08-14 11:58:16.171383
Desktop PCs,"₹1,79,990",Asus ROG (GL12CX-IN005T) Full Tower with Core i7 (9700K) 16 GB RAM 1 TB Hard Disk 512 GB SSD Capacity 8 GB   Graphics Memory,0,0,14% off,"₹2,09,990",1,2019-08-14 11:58:16.171383
Desktop PCs,"₹26,999",zoonis Z10NS134 Mid Tower with CORE i5 4th gen 4 RAM 500 GB Hard Disk GB GB   Graphics Memory,0,0,0,0,0,2019-08-14 11:58:16.173179
Desktop PCs,"₹23,365",HP - (Celeron Dual Core/4 GB DDR3/1 TB/Free DOS/1 GB),4.2,(219),4% off,"₹24,350",0,2019-08-14 11:58:16.174507
Desktop PCs,"₹2,49,990",Asus ROG (G21CX-IN001T) Full Tower with Core i9 (9900K) 32 GB RAM 2 TB Hard Disk 512 GB SSD Capacity 8 GB   Graphics Memory,0,0,13% off,"₹2,89,990",1,2019-08-14 11:58:16.175503
Desktop PCs,"₹1,14,990",Asus ROG (GL10CS-IN042T) Full Tower with Core i7 (9700K) 8 GB RAM 256 GB SSD Capacity 6 GB   Graphics Memory,0,0,16% off,"₹1,37,990",1,2019-08-14 11:58:16.175503
Desktop PCs,"₹7,950",cpu c2d500 with core 2 duo 4 GB RAM 500 GB Hard Disk 512 mb GB   Graphics Memory,0,0,47% off,"₹15,000",0,2019-08-14 11:58:16.179542
Desktop PCs,"₹23,990",Lenovo - (Pentium Quad Core/4 GB DDR3/1 TB/Free DOS),3.8,(130),17% off,"₹28,990",1,2019-08-14 11:58:16.179542
Desktop PCs,"₹7,799",sr it solution cpu41 with cour 2 duo 4 GB RAM 500 GB Hard Disk 512mb GB   Graphics Memory,0,0,24% off,"₹10,395",0,2019-08-14 11:58:16.181451
Desktop PCs,"₹59,990",HP - (Core i5/4 GB DDR4/1 TB/Windows 10 Home),0,0,10% off,"₹66,666",1,2019-08-14 11:58:16.182448
Desktop PCs,"₹89,990",Asus ROG (GL10CS-IN043T) Full Tower with Core i7 (9700K) 8 GB RAM 256 GB SSD Capacity 6 GB   Graphics Memory,0,0,26% off,"₹1,22,990",1,2019-08-14 11:58:16.182448
Desktop PCs,"₹20,499",SYNTRONIC S53812A8 with Core i5 3570 8 GB RAM 2 TB Hard Disk,0,0,14% off,"₹23,999",1,2019-08-14 11:58:16.182448
Desktop PCs,"₹78,990",HP - (Core i5 (8th Gen)/8 GB DDR4/1 TB/Windows 10 Home/4 GB GDDR5),0,0,9% off,"₹87,182",1,2019-08-14 11:58:16.186698
Desktop PCs,"₹7,499",Zoonis Z10NSDVD105 Mid Tower with CORE 2 DUO 2 RAM 250 GB Hard Disk MB GB   Graphics Memory,0,0,25% off,"₹9,999",0,2019-08-14 11:58:16.187695
Desktop PCs,"₹21,999",zoonis Z10NS137 Mid Tower with CORE i5 2nd gen 8 RAM 1 TB Hard Disk GB GB   Graphics Memory,0,0,15% off,"₹25,999",0,2019-08-14 11:58:16.188692
Desktop PCs,"₹7,599",zoonis Z10NS113 Mid Tower with CORE 2 DUO 2 RAM 500 GB Hard Disk MB GB   Graphics Memory,0,0,32% off,"₹11,200",0,2019-08-14 11:58:16.189782
Desktop PCs,"₹26,999",zoonis Z10NS125 Mid Tower with CORE i3 6th gen 8 RAM 500 GB Hard Disk GB GB   Graphics Memory,0,0,15% off,"₹32,000",0,2019-08-14 11:58:16.191325
Desktop PCs,"₹19,999",zoonis Z10NS136 Mid Tower with CORE i5 1st gen 8 RAM 1 TB Hard Disk GB GB   Graphics Memory,0,0,20% off,"₹24,999",0,2019-08-14 11:58:16.192322
Desktop PCs,"₹10,999",Zoonis Z10NSDVD119 Mid Tower with CORE 2 DUO 4 RAM 1 TB Hard Disk MB GB   Graphics Memory,0,0,31% off,"₹15,999",0,2019-08-14 11:58:16.192322
Desktop PCs,"₹6,999",zoonis Z10NS105 Mid Tower with CORE 2 DUO 2 RAM 250 GB Hard Disk MB GB   Graphics Memory,0,0,22% off,"₹8,999",0,2019-08-14 11:58:16.192322
Desktop PCs,"₹27,990",Lenovo - (Pentium Quad Core/4 GB DDR3/1 TB/Windows 10 Home),3.9,(26),3% off,"₹28,999",1,2019-08-14 11:58:16.196361
Desktop PCs,"₹7,999",Zoonis Z10NSDVD114 Mid Tower with CORE 2 DUO 2 RAM 500 GB Hard Disk MB GB   Graphics Memory,0,0,33% off,"₹11,999",0,2019-08-14 11:58:16.196361
Desktop PCs,"₹16,499",iBall - (Core 2 Duo/4 GB DDR3/500 GB/Free DOS/512 MB),3.8,(13),44% off,"₹29,990",0,2019-08-14 11:58:16.196361
Desktop PCs,"₹2,01,990",Asus ROG (G21CX-IN006T) Full Tower with Core i7 (9700K) 32 GB RAM 2 TB Hard Disk 512 GB SSD Capacity 8 GB   Graphics Memory,0,0,17% off,"₹2,45,990",1,2019-08-14 11:58:16.200590
Desktop PCs,"₹27,490",Lenovo - (Pentium Quad Core/4 GB DDR3/500 GB/Windows 10 Home),4,(58),16% off,"₹32,900",1,2019-08-14 11:58:25.328383
Desktop PCs,"₹78,990",Asus ROG (GL10CS-IN036T) Full Tower with Core i7 (9700K) 8 GB RAM 256 GB SSD Capacity 4 GB   Graphics Memory,0,0,26% off,"₹1,06,990",1,2019-08-14 11:58:25.328383
Desktop PCs,"₹11,459",Foxin Axe Red/Blue 1102 Ci3 4GB with Core i3 4 GB RAM 500 GB Hard Disk .5 GB   Graphics Memory,0,0,52% off,"₹24,000",0,2019-08-14 11:58:25.328383
Desktop PCs,"₹17,444",Foxin Handy/i5/500G/DVD/WiFi Full Tower with Core i5 4 GB RAM 500 GB Hard Disk 1 GB   Graphics Memory,0,0,50% off,"₹34,999",0,2019-08-14 11:58:25.332421
Desktop PCs,"₹22,490",HP - (APU Quad Core E2/4 GB DDR3/1 TB/Free DOS),4.1,(84),23% off,"₹29,297",1,2019-08-14 11:58:25.332901
Desktop PCs,"₹19,999",SYNTRONIC S53812A1 with Core i5 2400 8 GB RAM 1 TB Hard Disk 2 GB   Graphics Memory,0,0,20% off,"₹24,999",1,2019-08-14 11:58:25.333898
Desktop PCs,"₹24,990",Lenovo 510S-07ICB (90K800CXIN) Full Tower with Core i3 (8100) 4 GB RAM 1 TB Hard Disk,0,0,18% off,"₹30,690",1,2019-08-14 11:58:25.333898
Desktop PCs,"₹7,599",Zoonis Z10NSDVD111 Mid Tower with CORE 2 DUO 4 RAM 320 GB Hard Disk MB GB   Graphics Memory,0,0,30% off,"₹10,999",0,2019-08-14 11:58:25.333898
Desktop PCs,"₹6,999",zoonis Z10NS109 Mid Tower with CORE 2 DUO 2 RAM 320 GB Hard Disk MB GB   Graphics Memory,0,0,29% off,"₹9,989",0,2019-08-14 11:58:25.337944
Desktop PCs,"₹6,579",Iball DTCPA Mini Tower with Dual Core 2 GB RAM 320 GB Hard Disk,3.5,(48),47% off,"₹12,500",0,2019-08-14 11:58:25.341939
Desktop PCs,"₹67,490",HP - (Core i5/4 GB DDR4/1 TB/Windows 10 Home/2 GB 2 GB DDR5 GFX),0,0,7% off,"₹73,077",1,2019-08-14 11:58:25.342463
Desktop PCs,"₹38,990",Dell - (Core i3 (7th Gen)/4 GB DDR4/1 TB/Windows 10 Home),4,(73),11% off,"₹44,169",1,2019-08-14 11:58:25.343460
Desktop PCs,"₹17,990",Lenovo 510S-07ICB (90HX003RIN) Full Tower with Pentium Silver Quad Core (J5005) 4 GB RAM 1 TB Hard Disk,0,0,19% off,"₹22,290",1,2019-08-14 11:58:25.343460
Desktop PCs,"₹29,490",Asus S340MC-I38100097T Full Tower with Core i3 (8100) 4 GB RAM 1 TB Hard Disk,0,0,20% off,"₹36,990",1,2019-08-14 11:58:25.347503
Desktop PCs,"₹24,999",Syntronic S726081 Full Tower with Core i7 (2600) 8 GB RAM 1 TB Hard Disk,0,0,10% off,"₹27,999",1,2019-08-14 11:58:25.347879
Desktop PCs,"₹6,399",ZOONIS Z160GB with Core 2 Duo 2 GB RAM 160 GB Hard Disk 256mb GB   Graphics Memory,2.4,(19),20% off,"₹7,999",0,2019-08-14 11:58:25.348876
Desktop PCs,"₹20,889",Iball CPUi3 Workstation with Core I3 3rd Generation 4 GB RAM 500 GB Hard Disk 1 GB   Graphics Memory,3.2,(6),30% off,"₹29,999",0,2019-08-14 11:58:25.349873
Desktop PCs,"₹66,024",HP - (Core i5/4 GB DDR4/1 TB/Windows 10 Home),0,0,0,0,1,2019-08-14 11:58:25.349873
Desktop PCs,"₹7,699",RAINBOW RPGCPU77 with Core 2 Duo 4 GB RAM 320 GB Hard Disk,0,0,19% off,"₹9,599",0,2019-08-14 11:58:25.353912
Desktop PCs,"₹66,990",Asus - (Core i5 (8th Gen)/8 GB DDR4/1 TB/Windows 10 Home/2 GB),0,0,22% off,"₹86,990",1,2019-08-14 11:58:25.355241
Desktop PCs,"₹17,499",SYNTRONIC S53812A31 with Core i3 3220 4 GB RAM 1 TB Hard Disk 2 GB   Graphics Memory,0,0,16% off,"₹20,999",0,2019-08-14 11:58:25.356238
Desktop PCs,"₹26,990",Lenovo - (Pentium Quad Core/4 GB DDR3/1 TB/Windows 10 Home),3.4,(18),0,"₹27,064",1,2019-08-14 11:58:25.356238
Desktop PCs,"₹11,990",Punta Wifi Ready with I5 4 GB RAM 500 GB Hard Disk .512 GB   Graphics Memory,0,0,40% off,"₹19,990",0,2019-08-14 11:58:25.360270
Desktop PCs,"₹6,999",zoonis Z10NS104 Mid Tower with CORE 2 DUO 4 RAM 160 GB Hard Disk MB GB   Graphics Memory,3.7,(3),22% off,"₹8,999",0,2019-08-14 11:58:25.360716
Desktop PCs,"₹28,490",Asus - (Pentium Quad Core/4 GB DDR3/1 TB/Windows 10 Home),4.5,(10),8% off,"₹31,091",1,2019-08-14 11:58:25.361712
Desktop PCs,"₹6,999",Zoonis Z10NSDVD104 Mid Tower with CORE 2 DUO 4 RAM 160 GB Hard Disk MB GB   Graphics Memory,0,0,27% off,"₹9,599",0,2019-08-14 11:58:25.363662
Desktop PCs,"₹22,499",SYNTRONIC S53812A2 with Core i5 2400 8 GB RAM 2 TB Hard Disk 2 GB   Graphics Memory,0,0,13% off,"₹25,999",1,2019-08-14 11:58:25.364872
Desktop PCs,"₹28,490",Dell - (Pentium Quad Core/4 GB DDR3/1 TB/Ubuntu),4.7,(3),0,"₹28,668",1,2019-08-14 11:58:25.365869
Desktop PCs,"₹15,499",Iball ICI3540 Ultra Tower with Intel Core I3 530 8 GB RAM 1 TB Hard Disk 1 GB   Graphics Memory,2.9,(36),32% off,"₹22,999",0,2019-08-14 11:58:25.366900
Desktop PCs,"₹29,896",Iball i382DR with i3-3220 8 GB RAM 2 TB Hard Disk,0,0,8% off,"₹32,650",0,2019-08-14 11:58:25.366900
Desktop PCs,"₹37,990",Asus D340MC-I58400044D Full Tower with Core i5 (8400) 4 GB RAM 1 TB Hard Disk,0,0,7% off,"₹40,990",1,2019-08-14 11:58:25.367897
Desktop PCs,"₹1,60,599",ANT PC CL700I Mid Tower with Core i7 (8700) 16 GB RAM 1 TB Hard Disk 120 GB SSD Capacity 8 GB   Graphics Memory,0,0,0,0,1,2019-08-14 11:58:25.367897
Desktop PCs,"₹38,300",Dell - (Pentium Dual Core/4 GB DDR4/1 TB/Windows 10 Home),0,0,4% off,"₹40,000",0,2019-08-14 11:58:25.372144
Desktop PCs,"₹6,145",Foxin FC1108 with Dual Core 2 GB RAM 320 GB Hard Disk 0.0256 GB   Graphics Memory,3.4,(11),65% off,"₹17,900",0,2019-08-14 11:58:25.373144
Desktop PCs,"₹6,598",sr it solution cpu109 with dual cour 4 GB RAM 160 GB Hard Disk 512mb GB   Graphics Memory,0,0,21% off,"₹8,400",0,2019-08-14 11:58:25.373144
Desktop PCs,"₹29,970",Iball 3220i31 with i3-3220 8 GB RAM 1 TB Hard Disk,1,(1),14% off,"₹35,000",0,2019-08-14 11:58:25.374173
Desktop PCs,"₹41,990",HP - (Core i3 (7th Gen)/4 GB DDR4/1 TB/Windows 10 Home),0,0,3% off,"₹43,584",1,2019-08-14 11:58:25.374173
Desktop PCs,"₹56,999",Electrobot i5 9400F (9th Gen) Mid Tower with 9th Gen 8 GB RAM 1 TB Hard Disk 120 GB SSD Capacity 8 GB   Graphics Memory,0,0,28% off,"₹79,999",0,2019-08-14 11:58:25.378309
Desktop PCs,"₹7,500",RAINBOW RPGCPU95 with Core 2 Duo 4 GB RAM 160 GB Hard Disk,0,0,24% off,"₹9,999",0,2019-08-14 11:58:25.378872
Desktop PCs,"₹23,884",Iball i348500 with i3-4130 8 GB RAM 500 GB Hard Disk,3,(2),4% off,"₹25,000",0,2019-08-14 11:58:25.379901
Desktop PCs,"₹7,200",cpu 320gbdc with dual core 4 GB RAM 320 GB Hard Disk 512 GB   Graphics Memory,0,0,61% off,"₹18,500",0,2019-08-14 11:58:34.723874
Desktop PCs,"₹6,388",punta Punta5565 Mini Tower with Core2Duo 2 GB RAM 320 GB Hard Disk .512 GB   Graphics Memory,0,0,59% off,"₹15,666",0,2019-08-14 11:58:34.723874
Desktop PCs,"₹5,899",Foxin Axe Red/Blue C2D with Core2Duo 2 GB RAM 250 GB Hard Disk .256 GB   Graphics Memory,3.3,(11),52% off,"₹12,490",0,2019-08-14 11:58:34.727925
Desktop PCs,"₹28,990",Asus D340MC-I38100071D Full Tower with Core i3 (8100) 4 GB RAM 1 TB Hard Disk,0,0,19% off,"₹35,990",1,2019-08-14 11:58:34.728963
Desktop PCs,"₹21,999",Syntronic S54081 Full Tower with Core i5 (4570) 8 GB RAM 1 TB Hard Disk,0,0,18% off,"₹26,999",1,2019-08-14 11:58:34.729960
Desktop PCs,"₹26,990",HP - (Celeron Dual Core/4 GB DDR3/500 GB/Windows 10 Home),4.1,(87),0,"₹27,072",1,2019-08-14 11:58:34.729960
Desktop PCs,"₹16,999",SYNTRONIC S53812A9 with Core i5 3570 4 GB RAM 1 TB Hard Disk,0,0,19% off,"₹20,999",1,2019-08-14 11:58:34.733998
Desktop PCs,"₹23,780",Lenovo Ideacentre 310s Full Tower with Celeron Dual Core (J3355) 4 GB RAM 1 TB Hard Disk,4,(175),0,0,1,2019-08-14 11:58:34.735139
Desktop PCs,"₹7,599",RAINBOW RPGCPU69 with Core 2 Duo 4 GB RAM 320 GB Hard Disk,0,0,24% off,"₹9,999",0,2019-08-14 11:58:34.735139
Desktop PCs,"₹18,499",SYNTRONIC S53812A26 with Core i3 2100 4 GB RAM 1 TB Hard Disk 2 GB   Graphics Memory,0,0,19% off,"₹22,999",0,2019-08-14 11:58:34.736136
Desktop PCs,"₹9,999",Foxin Axe Red/Blue 1102 with Core i3 2 GB RAM 500 GB Hard Disk .5 GB   Graphics Memory,4,(1),52% off,"₹21,000",0,2019-08-14 11:58:34.737133
Desktop PCs,"₹7,099",RAINBOW RPGCPU86 with Core 2 Duo 2 GB RAM 320 GB Hard Disk,0,0,26% off,"₹9,599",0,2019-08-14 11:58:34.737133
Desktop PCs,"₹9,988",Punta - (Core 2 Duo/4 GB DDR2/500 GB/Free DOS/512 MB),3.6,(230),60% off,"₹24,999",0,2019-08-14 11:58:34.737133
Desktop PCs,"₹1,59,990",Asus ROG (GL12CX-IN018T) Full Tower with Core i7 (9700K) 16 GB RAM 1 TB Hard Disk 256 GB SSD Capacity 6 GB   Graphics Memory,0,0,12% off,"₹1,82,990",1,2019-08-14 11:58:34.741380
Desktop PCs,"₹37,897",Consistent - (Core i3/4 GB DDR3/1 TB/Free DOS),3.5,(6),0,"₹38,000",0,2019-08-14 11:58:34.743374
Desktop PCs,"₹33,300",Reo RL512 Mini Tower with Core i5 (3470) 16 GB RAM 1 TB Hard Disk 2 GB   Graphics Memory,0,0,0,0,1,2019-08-14 11:58:34.743374
Desktop PCs,"₹8,888",Foxin Axe Red/Blue 1102 Ci3 2GB with Core i3 2 GB RAM 250 GB Hard Disk .5 GB   Graphics Memory,0,0,53% off,"₹18,990",0,2019-08-14 11:58:34.743374
Desktop PCs,"₹97,990",Asus - (Core i7/16 GB DDR4/1 TB/Windows 10 Home/4 GB GDDR5),0,0,3% off,"₹1,01,990",1,2019-08-14 11:58:34.747621
Desktop PCs,"₹93,990",HP - (Ryzen 5/16 GB DDR4/2 TB/Windows 10 Home/2 GB GDDR5),0,0,10% off,"₹1,05,000",1,2019-08-14 11:58:34.748618
Desktop PCs,"₹1,19,990",Acer Predator G1-710 Gaming Full Tower with Core i7 (7700) 16 GB RAM 1 TB Hard Disk 3 GB   Graphics Memory,5,(2),0,0,1,2019-08-14 11:58:34.749615
Desktop PCs,"₹7,599",sr it solution cpu116 with cour 2 duo 2 GB RAM 500 GB Hard Disk 512mb GB   Graphics Memory,0,0,25% off,"₹10,200",0,2019-08-14 11:58:34.749615
Desktop PCs,"₹21,140",Iball 3220i30 with i3-3220 4 GB RAM 500 GB Hard Disk,0,0,29% off,"₹30,000",0,2019-08-14 11:58:34.749615
Desktop PCs,"₹13,999",SYNTRONIC S53812A3 with Core i5 2400 4 GB RAM 500 GB Hard Disk,0,0,26% off,"₹18,999",1,2019-08-14 11:58:34.753985
Desktop PCs,"₹7,099",RAINBOW RPGCPU70 with Core 2 Duo 2 GB RAM 320 GB Hard Disk,0,0,29% off,"₹9,999",0,2019-08-14 11:58:34.754982
Desktop PCs,"₹7,599",Zoonis Z10NSDVD108 Mid Tower with CORE 2 DUO 4 RAM 250 GB Hard Disk MB GB   Graphics Memory,3.8,(4),24% off,"₹9,999",0,2019-08-14 11:58:34.755979
Desktop PCs,"₹27,990",Lenovo - (Celeron Dual Core/4 GB DDR4/1 TB/Windows 10 Home),4,(66),14% off,"₹32,924",1,2019-08-14 11:58:34.755979
Desktop PCs,"₹75,000",dhagan DHAGANCI5WDD Mid Tower with Intel Core I7 8th Gen 8 GB RAM 1 TB Hard Disk 1024 MB (for iGPU exclusively) GB   Graphics Memory,0,0,21% off,"₹95,000",0,2019-08-14 11:58:34.755979
Desktop PCs,"₹73,499",Lenovo - (Core i5 (7th Gen)/8 GB DDR4/1 TB/Windows 10 Home/2 GB),0,0,15% off,"₹87,490",1,2019-08-14 11:58:34.760018
Desktop PCs,"₹22,222",HP - (Celeron Dual Core/4 GB DDR3/1 TB/Free DOS),3.9,(36),17% off,"₹26,990",0,2019-08-14 11:58:34.760018
Desktop PCs,"₹11,999",ZOONIS G-41/2GB DDR3/500GB HDD/WIFI Mid Tower with Intel Core 2 Duo 2 GB RAM 500 GB Hard Disk 512 GB   Graphics Memory,0,0,0,"₹12,000",0,2019-08-14 11:58:34.764340
Desktop PCs,"₹1,89,990",Apple - (Core i5 (7th Gen)/8 GB DDR4/1 TB/Mac OS X Sierra/8 GB),0,0,0,"₹1,90,400",1,2019-08-14 11:58:34.765337
Desktop PCs,"₹17,999",ZOONIS PRIME Ultra Tower with I3 8 GB RAM 500 GB Hard Disk 2 GB   Graphics Memory,0,0,40% off,"₹29,999",0,2019-08-14 11:58:34.766334
Desktop PCs,"₹1,79,990",Apple - (Core i5 (6th Gen)/8 GB DDR3/2 TB/Mac OS X Lion/2 GB),0,0,4% off,"₹1,88,900",1,2019-08-14 11:58:34.766334
Desktop PCs,"₹6,599",zoonis Z10NS101 Mid Tower with CORE 2 DUO 2 RAM 160 GB Hard Disk MB GB   Graphics Memory,3.5,(2),34% off,"₹9,999",0,2019-08-14 11:58:34.770371
Desktop PCs,"₹11,999",zoonis Z10NS121 Mid Tower with CORE i3 1st gen 4 MB RAM 500 GB Hard Disk GB GB   Graphics Memory,5,(3),25% off,"₹15,999",0,2019-08-14 11:58:34.770648
Desktop PCs,"₹87,990",HP - (Core i5 (8th Gen)/8 GB DDR4/1 TB/Windows 10 Home/2 GB GDDR5),0,0,5% off,"₹93,594",1,2019-08-14 11:58:34.771645
Desktop PCs,"₹1,03,990",HP - (Core i7/16 GB DDR4/2 TB/Windows 10 Home/4 GB GDDR5),0,0,5% off,"₹1,10,000",1,2019-08-14 11:58:34.772642
Desktop PCs,"₹14,999",SYNTRONIC S53812A25 with Core i3 2100 4 GB RAM 1 TB Hard Disk,0,0,25% off,"₹19,999",1,2019-08-14 11:58:34.772642
Desktop PCs,"₹6,299",sr it solution cpu112 with cour 2 duo 2 GB RAM 160 GB Hard Disk 512mb GB   Graphics Memory,0,0,23% off,"₹8,200",0,2019-08-14 11:58:34.776904
Desktop PCs,"₹5,599",punta PUNTA7548 Mini Tower with Core2Duo 2 GB RAM 160 GB Hard Disk .512 GB   Graphics Memory,0,0,55% off,"₹12,500",0,2019-08-14 11:58:34.777901
Desktop PCs,"₹38,990",HP - (Core i3/4 GB DDR4/1 TB/Free DOS),4.7,(3),6% off,"₹41,661",1,2019-08-14 11:58:43.723239
Desktop PCs,"₹54,990",ANT PC Dorylus CL100I Gaming CPU Mid Tower with Core i3 (8100) 8 GB RAM 1 TB Hard Disk 2 GB   Graphics Memory,0,0,0,0,1,2019-08-14 11:58:43.723239
Desktop PCs,"₹42,600",Reo RL912 Mini Tower with Core i5 (9400F) 8 GB RAM 1 TB Hard Disk 120 GB SSD Capacity 2 GB   Graphics Memory,0,0,11% off,"₹48,000",1,2019-08-14 11:58:43.727234
Desktop PCs,"₹5,299",Foxin Foxin RED-Blue with Core2Duo 2 GB RAM 250 Hard Disk 0.256 GB   Graphics Memory,3.4,(7),67% off,"₹16,500",0,2019-08-14 11:58:43.727234
Desktop PCs,"₹95,990",Apple - (Core i5 (5th Gen)/8 GB DDR3/1 TB/Mac OS X Lion/1 GB),0,0,11% off,"₹1,07,900",1,2019-08-14 11:58:43.732381
Desktop PCs,"₹26,499",zebion - (Core i5/8 GB DDR3/500 GB/Windows 10 Pro/1 GB),0,0,23% off,"₹34,499",0,2019-08-14 11:58:43.732381
Desktop PCs,"₹18,999",zoonis Z10NS124 Mid Tower with CORE i3 4th gen 4 RAM 500 GB Hard Disk GB GB   Graphics Memory,0,0,26% off,"₹25,999",0,2019-08-14 11:58:43.737678
Desktop PCs,"₹10,599",ZOONIS CPU with Intel® Core™2 Duo 4 GB RAM 1 TB Hard Disk 256MB GB   Graphics Memory,3.8,(4),18% off,"₹12,999",0,2019-08-14 11:58:43.739646
Desktop PCs,"₹6,388",iball PCC2D1 Mid Tower with Core 2 Duo 2 GB RAM 320 GB Hard Disk,0,0,14% off,"₹7,500",0,2019-08-14 11:58:43.740825
Desktop PCs,"₹21,999",Assembled DPCi56 with Intel Core i5-650 8 GB RAM 1 TB Hard Disk 2 GB   Graphics Memory,3.4,(23),38% off,"₹35,742",0,2019-08-14 11:58:43.742591
Desktop PCs,"₹19,999",ZOONIS H61 SSD240 with I5 8 GB RAM 1 TB Hard Disk 240 GB SSD Capacity 1.6 GB   Graphics Memory,0,0,23% off,"₹25,999",0,2019-08-14 11:58:43.744148
Desktop PCs,"₹16,999",Assembled Slim 1 series with Intel Core i3-540 8 GB RAM 1 TB Hard Disk 2 GB   Graphics Memory,3.2,(25),26% off,"₹22,999",0,2019-08-14 11:58:43.745381
Desktop PCs,"₹27,999",ZOONIS DESKTOP ZI53RD with Core i5-3550 4 MB RAM 500 GB Hard Disk 2 GB   Graphics Memory,0,0,6% off,"₹29,999",0,2019-08-14 11:58:43.746380
Desktop PCs,"₹16,666",Zebion - (Core 2 Duo/4 GB DDR2/500 GB/Windows 7 Ultimate/512 MB),0,0,42% off,"₹28,895",0,2019-08-14 11:58:43.750445
Desktop PCs,"₹6,289",punta HGHHTT6789 Mini Tower with Core2Duo 2 GB RAM 250 GB Hard Disk .512 GB   Graphics Memory,0,0,51% off,"₹12,999",0,2019-08-14 11:58:43.752807
Desktop PCs,"₹86,999",ANT PC Dorylus CL400I Gaming CPU Mid Tower with Core i5 (8400) 8 GB RAM 1 TB Hard Disk 120 GB SSD Capacity 4 GB   Graphics Memory,0,0,0,0,1,2019-08-14 11:58:43.754255
Desktop PCs,"₹27,999",SYNTRONIC S53812A37 with Core i3 4160 4 GB RAM 2 TB Hard Disk 2 GB   Graphics Memory,0,0,20% off,"₹34,999",0,2019-08-14 11:58:43.755237
Desktop PCs,"₹5,839",Foxin Axe Red/Blue FC1102 with Core2Duo 2 GB RAM 160 GB Hard Disk .256 GB   Graphics Memory,3.6,(30),46% off,"₹11,000",0,2019-08-14 11:58:43.759285
Desktop PCs,"₹34,990",Lenovo 510S-07ICB (90K800DCIN) Full Tower with Core i5 (8400) 4 GB RAM 1 TB Hard Disk,0,0,6% off,"₹37,430",1,2019-08-14 11:58:43.760570
Desktop PCs,"₹38,999",Lenovo - (Core i3 (7th Gen)/4 GB DDR4/1 TB/Free DOS/512 MB),4,(18),11% off,"₹44,000",0,2019-08-14 11:58:43.760570
Desktop PCs,"₹14,149",Iball PCDC3 Mini Tower with Dual Core 4 GB RAM 2 TB Hard Disk,3.2,(15),21% off,"₹18,000",0,2019-08-14 11:58:43.764944
Desktop PCs,"₹1,14,990",Apple - (Core i5/8 GB DDR3/1 TB/Mac OS X Mavericks/512 MB),4,(13),0,"₹1,15,000",1,2019-08-14 11:58:43.766940
Desktop PCs,"₹69,000",dhagan DHCI741TBWIFI Mid Tower with INTEL 4 GB RAM 1 TB Hard Disk,0,0,11% off,"₹78,000",0,2019-08-14 11:58:43.767938
Desktop PCs,"₹18,199",zebion - (Core i3/8 GB DDR3/1 TB/Windows 10 Pro/1 GB),3.2,(5),49% off,"₹36,249",0,2019-08-14 11:58:43.767938
Desktop PCs,"₹9,999",ROHATEK DC3500OC with Dual Core 3rd Gen 4 GB RAM 500 GB Hard Disk 4 GB   Graphics Memory,0,0,18% off,"₹12,199",0,2019-08-14 11:58:43.773150
Desktop PCs,"₹8,999",ZOONIS MA9 24SSD Microtower with CORE 2 DUE 4 GB RAM 240 GB Hard Disk 240 GB SSD Capacity,0,0,43% off,"₹15,999",0,2019-08-14 11:58:43.774147
Desktop PCs,"₹90,990",HP - (Core i5 (8th Gen)/8 GB DDR4/1 TB/Windows 10 Home/4 GB GDDR5),0,0,2% off,"₹93,594",1,2019-08-14 11:58:43.774147
Desktop PCs,"₹39,200",Lenovo - (Core i3 (6th Gen)/4 GB DDR4/1 TB/Free DOS),4.5,(20),34% off,"₹59,990",0,2019-08-14 11:58:43.778200
Desktop PCs,"₹15,288",Punta Assembled CPU With WIFI with i3 8 GB RAM 1 TB Hard Disk 1 GB GB   Graphics Memory,3.3,(3),43% off,"₹26,999",0,2019-08-14 11:58:43.782195
Desktop PCs,"₹32,000",dhagan High End Desktop Mid Tower with Intel Core I3 8Th Gen 4 GB RAM 1 TB Hard Disk,0,0,41% off,"₹55,000",0,2019-08-14 11:58:43.782195
Desktop PCs,"₹18,999",Syntronic S53081 Full Tower with Core i5 (3450) 8 GB RAM 1 TB Hard Disk,4.5,(2),26% off,"₹25,999",1,2019-08-14 11:58:43.786190
Desktop PCs,"₹36,900",Reo RL712 Mini Tower with Core i5 (4670) 8 GB RAM 1 TB Hard Disk 120 GB SSD Capacity 4 GB   Graphics Memory,0,0,12% off,"₹42,000",1,2019-08-14 11:58:43.786190
Desktop PCs,"₹7,999",RAINBOW RPGCPU76 with Core 2 Duo 2 GB RAM 500 GB Hard Disk,0,0,19% off,"₹9,899",0,2019-08-14 11:58:43.790638
Desktop PCs,"₹54,600",Electrobot EBB360 Mid Tower with Intel Core i3-9100F 16 GB RAM 2 TB Hard Disk 240 GB SSD Capacity 6 GB   Graphics Memory,0,0,35% off,"₹85,000",1,2019-08-14 11:58:43.792762
Desktop PCs,"₹14,900",LG - (Atom (1st Gen)/2 GB DDR3/Windows 10 Home),0,0,17% off,"₹18,000",0,2019-08-14 11:58:43.794758
Desktop PCs,"₹6,999",ZOONIS MA09HS Microtower with 2.66 C2D 4 GB RAM 120 GB Hard Disk 120 GB SSD Capacity NO GB   Graphics Memory,0,0,30% off,"₹9,999",0,2019-08-14 11:58:43.795755
Desktop PCs,"₹91,490",Apple - (Core i5 (5th Gen)/8 GB DDR3/1 TB/Mac OS X Sierra),4.5,(17),0,"₹91,900",1,2019-08-14 11:58:43.799834
Desktop PCs,"₹6,999",zoonis Z10NS111 Mid Tower with CORE 2 DUO 4 RAM 320 GB Hard Disk MB GB   Graphics Memory,4.3,(8),36% off,"₹10,999",0,2019-08-14 11:58:43.801393
Desktop PCs,"₹19,999",SYNTRONIC S53812A27 with Core i3 2100 4 GB RAM 2 TB Hard Disk 2 GB   Graphics Memory,0,0,20% off,"₹24,999",0,2019-08-14 11:58:43.803387
Desktop PCs,"₹16,666",Foxin Axe Red/blue 1102 Ci3 1TB with Cre i3 4 GB RAM 1 TB Hard Disk .5 GB   Graphics Memory,3,(1),33% off,"₹24,990",0,2019-08-14 11:58:43.804383
Desktop PCs,"₹7,260",RAINBOW RPGCPU93 with Core 2 Duo 4 GB RAM 250 GB Hard Disk,0,0,27% off,"₹9,999",0,2019-08-14 11:58:53.306474
Desktop PCs,"₹9,999",Foxin - (Core 2 Duo/2 GB DDR2/500 GB/Free DOS/512 MB),0,0,47% off,"₹18,999",0,2019-08-14 11:58:53.308717
Desktop PCs,"₹7,599",RAINBOW RPGCPU92 with Core 2 Duo 2 GB RAM 500 GB Hard Disk,0,0,36% off,"₹11,999",0,2019-08-14 11:58:53.310711
Desktop PCs,"₹27,990",Asus - (Pentium Quad Core/4 GB DDR3/500 GB/Windows 10 Home),4.3,(3),17% off,"₹33,990",1,2019-08-14 11:58:53.310711
Desktop PCs,"₹26,499",Syntronic S726812 Full Tower with Core i7 (2600) 8 GB RAM 1 TB Hard Disk 2 GB   Graphics Memory,0,0,11% off,"₹29,999",1,2019-08-14 11:58:53.315118
Desktop PCs,"₹6,999",Electrobot G41PC Full Tower with Core_2_Duo_E7500 2 GB RAM 500 GB Hard Disk,3.7,(3),53% off,"₹15,000",0,2019-08-14 11:58:53.316117
Desktop PCs,"₹43,490",Acer M200 Microtower with Intel Core i3 8100 4 GB RAM 1 TB Hard Disk 2 GB   Graphics Memory,0,0,0,"₹43,500",0,2019-08-14 11:58:53.318112
Desktop PCs,"₹27,499",Syntronic S73081 Full Tower with Core i7 (3770) 8 GB RAM 1 TB Hard Disk,0,0,25% off,"₹36,999",1,2019-08-14 11:58:53.318112
Desktop PCs,"₹6,599",Zoonis ZD250 with Intel Core 2 duo 2.66 2 GB RAM 320 GB Hard Disk 0.2 GB   Graphics Memory,3.7,(26),34% off,"₹9,999",0,2019-08-14 11:58:53.322330
Desktop PCs,"₹34,990",HP - (Core i3 (6th Gen)/4 GB DDR 4/1 TB/Linux/512 MB),4.3,(27),12% off,"₹40,073",1,2019-08-14 11:58:53.324326
Desktop PCs,"₹1,26,990",ANT PC Dorylus CL600K Gaming CPU Mid Tower with Core i5 (8600K) 16 GB RAM 1 TB Hard Disk 120 GB SSD Capacity 6 GB   Graphics Memory,0,0,0,"₹1,27,399",1,2019-08-14 11:58:53.324326
Desktop PCs,"₹8,099",RAINBOW RPGCPU67 with Core 2 Duo 4 GB RAM 500 GB Hard Disk,0,0,19% off,"₹9,999",0,2019-08-14 11:58:53.328397
Desktop PCs,"₹34,400",HP Desktop 190-0303IN Full Tower with Core i3 (8100) 4 GB RAM 1 TB Hard Disk,0,0,17% off,"₹41,490",0,2019-08-14 11:58:53.328397
Desktop PCs,"₹19,999",ZOONIS MA9 SSD240 I5RD Microtower with I5 3RD 8 GB RAM 240 GB Hard Disk 1GB ON BOARD GB   Graphics Memory,0,0,33% off,"₹29,999",0,2019-08-14 11:58:53.332392
Desktop PCs,"₹49,990",Asus - (Core i5/8 GB DDR4/1 TB/Windows 10 Home),4.8,(5),6% off,"₹53,591",1,2019-08-14 11:58:53.332392
Desktop PCs,"₹37,999",Zoonis Z10NSDVD135 Mid Tower with CORE i5 6th gen 8 RAM 500 GB Hard Disk GB GB   Graphics Memory,0,0,5% off,"₹39,999",0,2019-08-14 11:58:53.336386
Desktop PCs,"₹19,200",Reo NR100 Mini Tower with Core i5 (650) 4 GB RAM 500 GB Hard Disk 120 GB SSD Capacity,0,0,8% off,"₹21,000",1,2019-08-14 11:58:53.340381
Desktop PCs,"₹7,399",RAINBOW RPGCPU87 with Core 2 Duo 4 GB RAM 250 GB Hard Disk,0,0,26% off,"₹9,999",0,2019-08-14 11:58:53.340381
Desktop PCs,"₹11,999",ZOONIS MA06240 Microtower with I3 4 GB RAM 240 GB Hard Disk 1.5 GB   Graphics Memory,0,0,25% off,"₹15,999",0,2019-08-14 11:58:53.344376
Desktop PCs,"₹41,999","Electrobot 9th gen, Mid Tower with i3-9100F 8 GB RAM 1 TB Hard Disk 120 GB SSD Capacity 4 GB   Graphics Memory",0,0,6% off,"₹45,000",1,2019-08-14 11:58:53.344376
Desktop PCs,"₹5,859",Punta Assembled WIFI with i3 4 GB RAM 500 GB Hard Disk 512 GB   Graphics Memory,0,0,41% off,"₹9,999",0,2019-08-14 11:58:53.348984
Desktop PCs,"₹29,900",iball lilyput2200gS Mid Tower with amd Ryzen3 2200g 8 GB RAM 1 TB Hard Disk upto 2 GB   Graphics Memory,0,0,14% off,"₹34,900",0,2019-08-14 11:58:53.349984
Desktop PCs,"₹7,299",RAINBOW RPGCPU51 with Dual Core 2 GB RAM 500 GB Hard Disk,0,0,27% off,"₹9,999",0,2019-08-14 11:58:53.350981
Desktop PCs,"₹7,599",RAINBOW RPGCPU68 with Core 2 Duo 2 GB RAM 500 GB Hard Disk,0,0,24% off,"₹9,999",0,2019-08-14 11:58:53.350981
Desktop PCs,"₹7,396",Iball IBCTDC 160/2gb/DDR2 with Dual Core 2 GB RAM 160 GB Hard Disk,2,(7),43% off,"₹12,999",0,2019-08-14 11:58:53.356571
Desktop PCs,"₹11,499",ZOONIS ZI3320GB4GB Mid Tower with core i3 4 GB RAM 320 GB Hard Disk 1.5 GB   Graphics Memory,3.4,(27),23% off,"₹14,999",0,2019-08-14 11:58:53.357568
Desktop PCs,"₹23,798",HP - (Celeron Dual Core/4 GB DDR4/1 TB/Free DOS),4.3,(6),4% off,"₹24,857",0,2019-08-14 11:58:53.358565
Desktop PCs,"₹8,594",RAINBOW RPGCPU91 with Core 2 Duo 4 GB RAM 500 GB Hard Disk,0,0,28% off,"₹11,999",0,2019-08-14 11:58:53.358565
Desktop PCs,"₹7,099",RAINBOW RPGCPU66 with Core 2 Duo 2 GB RAM 160 GB Hard Disk,0,0,29% off,"₹9,999",0,2019-08-14 11:58:53.362888
Desktop PCs,"₹7,000",RAINBOW RPGCPU88 with Core 2 Duo 2 GB RAM 250 GB Hard Disk,0,0,29% off,"₹9,999",0,2019-08-14 11:58:53.364884
Desktop PCs,"₹29,369",Iball 32210i32 with i3-3220 8 GB RAM 2 TB Hard Disk 1 GB   Graphics Memory,1,(2),10% off,"₹32,650",0,2019-08-14 11:58:53.364884
Desktop PCs,"₹45,000",Reo RL555 Mini Tower with Core i7 (3770) 16 GB RAM 1 TB Hard Disk 120 GB SSD Capacity 2 GB   Graphics Memory,0,0,6% off,"₹48,000",1,2019-08-14 11:58:53.369084
Desktop PCs,"₹6,748",punta Punta4458 Mini Tower with Core2Duo 4 GB RAM 500 GB Hard Disk .0512 GB   Graphics Memory,3.2,(16),56% off,"₹15,500",0,2019-08-14 11:58:53.370083
Desktop PCs,"₹7,999",zoonis MA9 120gb 4gb ram high speed pc Microtower with C2D 4 GB RAM 120 GB Hard Disk 120 GB SSD Capacity NO GB   Graphics Memory,0,0,20% off,"₹9,999",0,2019-08-14 11:58:53.374146
Desktop PCs,"₹1,80,990",ANT PC Dorylus RZ700X Gaming CPU Mid Tower with Ryzen 7 (1700X) 16 GB RAM 1 TB Hard Disk 120 GB SSD Capacity 8 GB   Graphics Memory,0,0,0,"₹1,81,899",1,2019-08-14 11:58:53.374146
Desktop PCs,"₹96,799",Dell - (Core i7/8 GB DDR4/1 TB/Windows 10 Pro/2 GB),0,0,2% off,"₹98,946",0,2019-08-14 11:58:53.378141
Desktop PCs,"₹19,500",HP Refurbished Elite 8100 SFF Business Class CPU Machine with Intel Core i5 650 4 GB RAM 500 GB Hard Disk 1 GB   Graphics Memory,0,0,33% off,"₹29,500",0,2019-08-14 11:58:53.378141
Desktop PCs,"₹1,34,985",Electrobot Gaming Tower PC Assembled Computer Mid Tower with Intel Core i5-9400F 64 GB RAM 1 TB Hard Disk 240 GB SSD Capacity 8 GB   Graphics Memory,0,0,32% off,"₹2,00,000",1,2019-08-14 11:58:53.382605
Desktop PCs,"₹25,249",Syntronic S540812 Full Tower with Core i5 (4570) 8 GB RAM 1 TB Hard Disk 2 GB   Graphics Memory,0,0,15% off,"₹29,999",1,2019-08-14 11:58:53.384533
Desktop PCs,"₹25,560",Iball 4130i31 with i3-4130 4 GB RAM 500 GB Hard Disk,0,0,14% off,"₹30,000",0,2019-08-14 11:58:53.385532
Desktop PCs,"₹17,999",ZOONIS PC ZI31TB with Intel Core i3-530 8 GB RAM 1 TB Hard Disk 1.5 GB GB   Graphics Memory,3.1,(17),18% off,"₹21,999",0,2019-08-14 11:59:02.448515
Desktop PCs,"₹20,999",ZOONIS ZI8GB1TB Microtower with INTEL CORE i5 650 8 GB RAM 1 TB Hard Disk 1.5 GB   Graphics Memory,3.2,(34),16% off,"₹24,999",0,2019-08-14 11:59:02.449545
Desktop PCs,"₹7,099",RAINBOW RPGCPU54 with Dual Core 4 GB RAM 250 GB Hard Disk,0,0,29% off,"₹9,999",0,2019-08-14 11:59:02.450373
Desktop PCs,"₹7,099",RAINBOW RPGCPU73 with Core 2 Duo 4 GB RAM 160 GB Hard Disk,0,0,29% off,"₹9,999",0,2019-08-14 11:59:02.451406
Desktop PCs,"₹22,000",Electrobot Budget Gaming PC - Intel G4560-8GB RAM - 1TB HDD - Nvidia GT 710 2GB Microtower with Intel G4560 8 GB RAM 1 TB Hard Disk 2 GB   Graphics Memory,0,0,26% off,"₹30,000",1,2019-08-14 11:59:02.451406
Desktop PCs,"₹54,999",Foxin FC-6605/i5 9th Full Tower with Core i5 9th Generation 16 GB RAM 1 TB Hard Disk 120 GB SSD Capacity 2 GB   Graphics Memory,0,0,35% off,"₹84,999",0,2019-08-14 11:59:02.451406
Desktop PCs,"₹21,790",iBall Baby Ultra Slim342 Series Ultra Tower with Core i5 8 GB RAM 1 TB Hard Disk 1 GB   Graphics Memory,0,0,27% off,"₹29,999",0,2019-08-14 11:59:02.455798
Desktop PCs,"₹12,199",Assembled PPUTYY6676 with Intel Core i5-650 4 GB RAM 500 GB Hard Disk 1.4 Onboard GB   Graphics Memory,3.1,(170),46% off,"₹22,999",0,2019-08-14 11:59:02.456796
Desktop PCs,"₹6,890",Wintech WIN324 Mini Tower with E7500 4 MB RAM 320 GB Hard Disk .556 GB   Graphics Memory,0,0,54% off,"₹14,999",0,2019-08-14 11:59:02.457793
Desktop PCs,"₹13,499",Zoonis - (Core i3/4 GB DDR3/500 GB/Windows 10 Pro/1 GB),3.3,(32),32% off,"₹19,999",0,2019-08-14 11:59:02.458789
Desktop PCs,"₹24,999",SYNTRONIC S53812A35 with Core i3 4160 4 GB RAM 1 TB Hard Disk,0,0,16% off,"₹29,999",0,2019-08-14 11:59:02.458789
Desktop PCs,"₹41,200",Dell - (Core i3 (7th Gen)/4 GB DDR4/500 GB/Ubuntu),3,(2),3% off,"₹42,500",0,2019-08-14 11:59:02.459909
Desktop PCs,"₹33,997",Consistent - (Core i3/4 GB DDR3/1 TB/Free DOS),5,(1),10% off,"₹37,999",0,2019-08-14 11:59:02.459909
Desktop PCs,"₹7,299",RAINBOW RPGCPU71 with Core 2 Duo 4 GB RAM 250 GB Hard Disk,0,0,27% off,"₹9,999",0,2019-08-14 11:59:02.460939
Desktop PCs,"₹6,730",RAINBOW RPGCPU94 with Core 2 Duo 2 GB RAM 160 GB Hard Disk,0,0,32% off,"₹9,999",0,2019-08-14 11:59:02.460939
Desktop PCs,"₹22,900",HP Refurbished - pleae block with Genuine Windows 7 Pro # 8 GB RAM 640 GB Hard Disk 1 GB   Graphics Memory,0,0,39% off,"₹38,000",0,2019-08-14 11:59:02.460939
Desktop PCs,"₹39,000",Reo ML612 Mini Tower with Core i5 (7400) 8 GB RAM 1 TB Hard Disk 120 GB SSD Capacity,0,0,0,0,1,2019-08-14 11:59:02.465472
Desktop PCs,"₹6,699",RAINBOW RPGCPU74 with Core 2 Duo 2 GB RAM 160 GB Hard Disk,0,0,33% off,"₹9,999",0,2019-08-14 11:59:02.466472
Desktop PCs,"₹26,900",iball Li72600 Microtower with intel i7 2600 2nd gen 8 GB RAM 500 GB Hard Disk 2 GB   Graphics Memory,0,0,31% off,"₹39,000",0,2019-08-14 11:59:02.466960
Desktop PCs,"₹7,777",cpu flicer01 with core 2 duo 4 GB RAM 500 GB Hard Disk 512 mb GB   Graphics Memory,0,0,49% off,"₹15,500",0,2019-08-14 11:59:02.467991
Desktop PCs,"₹13,790",iBall Sporty C2D 1T Ultra Tower with Core2Duo 4 GB RAM 1 TB Hard Disk .512 GB   Graphics Memory,0,0,44% off,"₹24,999",0,2019-08-14 11:59:02.467991
Desktop PCs,"₹47,500",Electrobot 9400F (9th Gen) Mid Tower with 9th Gen 8 GB RAM 1 TB Hard Disk 120 GB SSD Capacity 4 GB   Graphics Memory,0,0,10% off,"₹53,000",0,2019-08-14 11:59:02.467991
Desktop PCs,"₹23,499",SYNTRONIC S53812A34 with Core i3 4160 8 GB RAM 500 GB Hard Disk,0,0,16% off,"₹27,999",0,2019-08-14 11:59:02.472234
Desktop PCs,"₹47,790",zebion - (Core i7/8 GB DDR3/2 TB/Windows 10 Pro/2 GB),0,0,17% off,"₹57,999",0,2019-08-14 11:59:02.473234
Desktop PCs,"₹13,499",SYNTRONIC CPU with CORE I5 650 4 RAM 320 GB Hard Disk 1GB GB   Graphics Memory,0,0,10% off,"₹14,999",0,2019-08-14 11:59:02.474263
Desktop PCs,"₹2,00,000",Dell - (Core i7/16 GB DDR4/1 TB/Windows 10 Pro/4 GB),0,0,20% off,"₹2,50,000",0,2019-08-14 11:59:02.475262
Desktop PCs,"₹9,999",HP Refurbished Genuine Quality CPU Machine # Windows 7 Pro 64 bit # with AMD Athlon Processor 4 GB RAM 500 GB Hard Disk 1 GB   Graphics Memory,0,0,57% off,"₹23,800",0,2019-08-14 11:59:02.475262
Desktop PCs,"₹9,100",iball Ultraslim 500 baby342 Mid Tower with Core2Duo 2 GB RAM 500 GB Hard Disk .512 GB   Graphics Memory,2.8,(4),54% off,"₹19,999",0,2019-08-14 11:59:02.479301
Desktop PCs,"₹10,588",Assembled ASKOLJUIU7 with i3-540 4 GB RAM 500 GB Hard Disk 2 GB   Graphics Memory,2.2,(13),59% off,"₹25,900",0,2019-08-14 11:59:02.480336
Desktop PCs,"₹49,600",HP - (Core i5 (8th Gen)/4 GB DDR4/1 TB/Free DOS/512 MB),0,0,15% off,"₹59,000",0,2019-08-14 11:59:02.481368
Desktop PCs,"₹7,999",Zoonis Z10NSDVD115 Mid Tower with CORE 2 DUO 4 RAM 500 GB Hard Disk MB GB   Graphics Memory,3.5,(23),33% off,"₹11,999",0,2019-08-14 11:59:02.482364
Desktop PCs,"₹17,750",iBall Sporty i3/1T/8 Full Tower with Core i3 8 GB RAM 1 TB Hard Disk 1 GB   Graphics Memory,0,0,44% off,"₹31,999",0,2019-08-14 11:59:02.482364
Desktop PCs,"₹28,000",Lenovo - (Celeron Dual Core/2 GB DDR3/500 GB/Windows 10 Home/512 MB),0,0,9% off,"₹31,000",0,2019-08-14 11:59:02.486829
Desktop PCs,"₹32,999",Syntronic S73812 Full Tower with Core i7 (3770) 8 GB RAM 1 TB Hard Disk 2 GB   Graphics Memory,0,0,17% off,"₹39,999",1,2019-08-14 11:59:02.486829
Desktop PCs,"₹14,999",SYNTRONIC S53812A30 with Core i3 3220 4 GB RAM 1 TB Hard Disk,0,0,21% off,"₹18,999",0,2019-08-14 11:59:02.487808
Desktop PCs,"₹21,886",Lenovo - (Celeron Dual Core/4 GB DDR3/1 TB/Free DOS),3.5,(17),17% off,"₹26,590",0,2019-08-14 11:59:02.488839
Desktop PCs,"₹14,579",Iball PCDC2 Mini Tower with Dual Core 3 GB RAM 2 TB Hard Disk,3.2,(15),23% off,"₹19,000",0,2019-08-14 11:59:02.489836
Desktop PCs,"₹59,990",Acer Desktop Veriton M4660G with IntelÃÂ® B360 Chipset 4 MB RAM 1 TB Hard Disk 2 GB   Graphics Memory,0,0,10% off,"₹67,100",0,2019-08-14 11:59:02.489836
Desktop PCs,"₹16,990",Wintech WIN-ADC7 with AMD A6 7400K 4 GB RAM 500 GB Hard Disk 500 GB SSD Capacity,0,0,37% off,"₹26,999",0,2019-08-14 11:59:02.489836
Desktop PCs,"₹32,490",Lenovo - (Pentium Quad Core/2 GB DDR3/500 GB/Windows 10 Home/512 MB),2.3,(3),30% off,"₹46,500",0,2019-08-14 11:59:02.494100
Desktop PCs,"₹22,499",SYNTRONIC S53812A33 with Core i3 4160 4 GB RAM 500 GB Hard Disk,0,0,25% off,"₹29,999",0,2019-08-14 11:59:11.563030
Desktop PCs,"₹35,900",iball nuci91f Mid Tower with 9100F 8 GB RAM 1 TB Hard Disk 240 GB SSD Capacity 2 GB   Graphics Memory,0,0,7% off,"₹39,000",0,2019-08-14 11:59:11.569414
Desktop PCs,"₹6,590",wintech WT502 with Intel Duel-Core 2 GB RAM 500 GB Hard Disk,0,0,32% off,"₹9,699",0,2019-08-14 11:59:11.573770
Desktop PCs,"₹19,990",Velentron Gaming PC(Desktop) 2GB graphics Microtower with i3 4 GB RAM 500 GB Hard Disk 2 GB   Graphics Memory,0,0,60% off,"₹49,999",0,2019-08-14 11:59:11.574767
Desktop PCs,"₹11,088",punta - (Pentium Dual Core/4 GB DDR2/500 GB/Free DOS/512 MB),3.1,(9),50% off,"₹22,500",0,2019-08-14 11:59:11.579021
Desktop PCs,"₹32,990",Lenovo - (Pentium Quad Core/4 GB DDR3/500 GB/Windows 10 Home/512 MB),0,0,0,0,0,2019-08-14 11:59:11.581015
Desktop PCs,"₹26,490",Lenovo - (Pentium Quad Core/2 GB DDR3/500 GB/Linux/512 MB),0,0,5% off,"₹28,000",0,2019-08-14 11:59:11.582287
Desktop PCs,"₹18,200",HP Best Performance Refurbished CPU Machine with Intel Core i5 2400 Quad Core Processor # Genuine Windows 7 Pro 64 bit # Serial Port # 4 GB RAM 500 GB Hard Disk 1 GB   Graphics Memory,0,0,48% off,"₹35,000",0,2019-08-14 11:59:11.583284
Desktop PCs,"₹6,176",iball BPMT1 Mid Tower with Core 2 Duo 2 GB RAM 160 GB Hard Disk Shared With Ram GB   Graphics Memory,3,(2),54% off,"₹13,500",0,2019-08-14 11:59:11.583556
Desktop PCs,"₹11,499",cpu i301 with core i3 4 GB RAM 500 GB Hard Disk 1 GB   Graphics Memory,3.2,(6),54% off,"₹25,000",0,2019-08-14 11:59:11.584553
Desktop PCs,"₹31,990",Lenovo - (Pentium Quad Core/2 GB DDR3/500 GB/Windows 10 Home/512 MB),0,0,0,0,0,2019-08-14 11:59:11.585550
Desktop PCs,"₹6,599",RAINBOW RPGCPU58 with Dual Core 2 GB RAM 160 GB Hard Disk,0,0,34% off,"₹9,999",0,2019-08-14 11:59:11.585550
Desktop PCs,"₹11,999",iball Mosaic |i3 |320 GB 4GB Mid Tower with Intel i3 4 RAM 320 GB Hard Disk,0,0,25% off,"₹15,999",0,2019-08-14 11:59:11.589594
Desktop PCs,"₹6,300",cpu flicker320gb with dual core 2 GB RAM 320 GB Hard Disk 512 GB   Graphics Memory,0,0,45% off,"₹11,500",0,2019-08-14 11:59:11.592487
Desktop PCs,"₹68,000",Dell - (Core i5/4 GB DDR4/1 TB/Windows 10 Home),0,0,1% off,"₹69,000",0,2019-08-14 11:59:11.597863
Desktop PCs,"₹1,20,000",Electrobot ARGB Gaming Mid Tower with Intel Core i5-9400F 16 GB RAM 1 TB Hard Disk 240 GB SSD Capacity 8 GB   Graphics Memory,0,0,20% off,"₹1,50,000",0,2019-08-14 11:59:11.599882
Desktop PCs,"₹34,799",iball - (Core i3/8 GB DDR4/1 TB/Windows 10 Home),0,0,28% off,"₹49,000",0,2019-08-14 11:59:11.605277
Desktop PCs,"₹13,277",Assembled - (Pentium Dual Core/4 GB DDR2/500 GB/Free DOS/512 MB),3,(20),45% off,"₹24,166",0,2019-08-14 11:59:11.606274
Desktop PCs,"₹31,490",iBall - (Core i7/4 GB DDR3/500 GB/Windows 10 Pro/1 GB),0,0,26% off,"₹42,999",0,2019-08-14 11:59:11.606274
Desktop PCs,"₹19,000",HP Best Performance CPU Machine # Genuine Windows 7 Pro 64 bit # with Intel Core i5 2400 Quad Core Processor # Serial Port # 4 GB RAM 500 GB Hard Disk 1 GB   Graphics Memory,0,0,45% off,"₹35,000",0,2019-08-14 11:59:11.606274
Desktop PCs,"₹38,000",iball lili57400 with intel i5 7400 8 GB RAM 1 TB Hard Disk 1 GB   Graphics Memory,0,0,22% off,"₹49,000",0,2019-08-14 11:59:11.610980
Desktop PCs,"₹1,08,990",Dell - (Ryzen 5/8 GB DDR4/1 TB/Windows 10 Home/4 GB GDDR5),0,0,0,0,0,2019-08-14 11:59:11.612013
Desktop PCs,"₹14,000",Dell Vostro CPU Machine # with Quad Core Q9400 4 GB RAM 500 GB Hard Disk 1 GB   Graphics Memory,0,0,31% off,"₹20,500",0,2019-08-14 11:59:11.612013
Desktop PCs,"₹34,490",iBall Ultra Slim/Thin Baby i7 Series Ultra Tower with Core i7 8 GB RAM 1 TB Hard Disk 1 GB   Graphics Memory,0,0,34% off,"₹52,999",0,2019-08-14 11:59:11.612013
Desktop PCs,"₹6,190",Wintech WIN-1604 with Intel E7500 4 GB RAM 160 GB Hard Disk .650 GB   Graphics Memory,3.3,(3),43% off,"₹10,999",0,2019-08-14 11:59:11.616545
Desktop PCs,"₹89,747",HP - (Core i5/8 GB DDR4/1 TB/Windows 10 Home/2 GB),0,0,0,0,0,2019-08-14 11:59:11.617579
Desktop PCs,"₹50,890",HP - (Core i3 (6th Gen)/4 GB DDR 4/1 TB/Windows 10 Home/512 MB),4.4,(14),2% off,"₹52,000",0,2019-08-14 11:59:11.621717
Desktop PCs,"₹7,799",cpu in01 with dual core 4 GB RAM 500 GB Hard Disk 512 GB   Graphics Memory,3.3,(4),48% off,"₹15,000",0,2019-08-14 11:59:11.621717
Desktop PCs,"₹11,777",Punta - (Pentium Dual Core/4 GB DDR2/1 TB/Free DOS/512 MB),3.2,(45),52% off,"₹25,000",0,2019-08-14 11:59:11.624101
Desktop PCs,"₹7,750",cpu ritz001 with core 2 duo 4 GB RAM 500 GB Hard Disk 512 GB   Graphics Memory,3.7,(21),38% off,"₹12,500",0,2019-08-14 11:59:11.625133
Desktop PCs,"₹7,777",cpu dc500dc with core 2 duo 4 MB RAM 500 GB Hard Disk 512 mb GB   Graphics Memory,3,(6),61% off,"₹20,000",0,2019-08-14 11:59:11.625133
Desktop PCs,"₹55,000",HP - (Core i3/4 GB DDR4/1 TB/Windows 10 Home/2 GB),0,0,31% off,"₹80,000",0,2019-08-14 11:59:11.625133
Desktop PCs,"₹49,590",iBall Ultra Thin/Sli Ultra Tower with Core i7 2ND Gen 8 GB RAM 2 TB Hard Disk 2 GB   Graphics Memory,0,0,27% off,"₹67,999",0,2019-08-14 11:59:11.630430
Desktop PCs,"₹24,590",Iball i342500 with i3-4130 2 GB RAM 500 GB Hard Disk,0,0,29% off,"₹34,990",0,2019-08-14 11:59:11.631427
Desktop PCs,"₹24,990",Lenovo - (Celeron Dual Core/2 GB DDR3/500 GB/Linux/512 MB),3,(8),0,"₹25,000",0,2019-08-14 11:59:11.632424
Desktop PCs,"₹24,990",Lenovo - (Celeron Dual Core/2 GB DDR3/500 GB/Linux/512 MB),4.1,(7),10% off,"₹28,000",0,2019-08-14 11:59:11.632424
Desktop PCs,"₹28,000",Lenovo - (Celeron Dual Core/2 GB DDR3/500 GB/Windows 10 Home/512 MB),3.3,(3),6% off,"₹29,999",0,2019-08-14 11:59:11.632424
Desktop PCs,"₹49,999",CYNTEXIA CL-TE-004 with Intel Core i5 8 RAM 240 GB Hard Disk 4 GB GB   Graphics Memory,0,0,16% off,"₹59,999",0,2019-08-14 11:59:11.636472
Desktop PCs,"₹49,790",Foxin FC-6605/Ci7/2/8 Full Tower with Core i7 8 GB RAM 2 TB Hard Disk 2 GB   Graphics Memory,0,0,23% off,"₹64,999",0,2019-08-14 11:59:11.636989
Desktop PCs,"₹16,000",LG - (Atom (1st Gen)/2 GB DDR3/Windows 10 Home),0,0,11% off,"₹18,000",0,2019-08-14 11:59:11.637986
Desktop PCs,"₹11,088",Foxin - (Core 2 Duo/4 GB DDR2/500 GB/Free DOS/512 MB),3.1,(12),56% off,"₹25,500",0,2019-08-14 11:59:20.855463
Desktop PCs,"₹5,750",cpu dc0160 with dual core 2 MB RAM 160 GB Hard Disk 512 mb GB   Graphics Memory,0,0,57% off,"₹13,500",0,2019-08-14 11:59:20.855463
Desktop PCs,"₹46,439",Lenovo - (Core i3 (5th Gen)/4 GB DDR3/1 TB/Free DOS/512 MB),4,(1),0,0,0,2019-08-14 11:59:20.855463
Desktop PCs,"₹9,999",avertek Assemble Cpu Core2Duo Full Tower with Core2Duo 2 GB RAM 160 GB Hard Disk 2gb GB   Graphics Memory,0,0,37% off,"₹15,999",0,2019-08-14 11:59:20.855463
Desktop PCs,"₹14,990",wintech - (Core i3/4 GB DDR3/500 GB/Windows 7 Ultimate),0,0,31% off,"₹21,900",0,2019-08-14 11:59:20.855463
Desktop PCs,"₹43,000",HP - (Core i3 (7th Gen)/4 GB DDR4/1 TB/Windows 10 Home),0,0,6% off,"₹45,990",0,2019-08-14 11:59:20.855463
Desktop PCs,"₹39,999",HPC - (Core i3 (7th Gen)/4 GB DDR4/1 TB/Windows 10 Pro),0,0,11% off,"₹45,000",0,2019-08-14 11:59:20.860265
Desktop PCs,"₹42,000",HP - (Core i3/4 GB DDR4/1 TB/Free DOS/512 MB),0,0,6% off,"₹45,000",0,2019-08-14 11:59:20.861296
Desktop PCs,"₹24,990",Lenovo - (Celeron Dual Core/4 GB DDR3/1 TB/Free DOS/512 MB),3,(6),3% off,"₹26,000",0,2019-08-14 11:59:20.862294
Desktop PCs,"₹17,990",iBall - (Core 2 Duo/4 GB DDR2/500 GB/Windows 7 Ultimate/512 MB),3.2,(14),35% off,"₹27,990",0,2019-08-14 11:59:20.862294
Desktop PCs,"₹49,786",Acer - (Core i3 (7th Gen)/4 GB DDR4/1 TB/Windows 10 Pro),0,0,10% off,"₹55,890",0,2019-08-14 11:59:20.862294
Desktop PCs,"₹51,490",Dell - (Core i3 (7th Gen)/4 GB DDR4/1 TB/Windows 10 Home),0,0,4% off,"₹54,000",0,2019-08-14 11:59:20.862294
Desktop PCs,"₹24,990",Lenovo - (Celeron Dual Core/4 GB DDR3/500 GB/Linux/512 MB),3.6,(11),3% off,"₹26,000",0,2019-08-14 11:59:20.862294
Desktop PCs,"₹53,990",Dell - (Core i3 (6th Gen)/4 GB DDR3/1 TB/Windows 10 Home),3.5,(19),0,"₹54,000",0,2019-08-14 11:59:20.866493
Desktop PCs,"₹35,999",ZOONIS Desktop PC with Core i5-3320 8 GB RAM 1 TB Hard Disk 2GB GB   Graphics Memory,0,0,0,0,0,2019-08-14 11:59:20.867491
Desktop PCs,"₹30,790",HP Desktop 190-0300IL Full Tower with Core i3 (8100) 4 GB RAM 1 TB Hard Disk,0,0,22% off,"₹39,500",0,2019-08-14 11:59:20.867491
Desktop PCs,"₹1,49,990",Dell - (Ryzen 7/16 GB DDR4/1 TB/Windows 10 Home/8 GB GDDR5),0,0,0,0,0,2019-08-14 11:59:20.870843
Desktop PCs,"₹16,750",Iball Assembled CPU Pc Mini Tower with Intel Core i5 650 4 GB RAM 500 GB Hard Disk 120 GB SSD Capacity N/A GB GB   Graphics Memory,0,0,33% off,"₹25,000",0,2019-08-14 11:59:20.871839
Desktop PCs,"₹45,990",Lenovo - (Core i3 (6th Gen)/4 GB DDR4/1 TB/Windows 10 Home),4.4,(104),0,"₹46,000",0,2019-08-14 11:59:20.873004
Desktop PCs,"₹39,990",Lenovo - (Core i3 (7th Gen)/4 GB DDR4/1 TB/Free DOS/512 MB),0,0,11% off,"₹44,990",0,2019-08-14 11:59:20.874037
Desktop PCs,"₹11,499",ROHATEK CI3500OC with i3 4 GB RAM 500 GB Hard Disk,0,0,20% off,"₹14,499",0,2019-08-14 11:59:20.878163
Desktop PCs,"₹36,999",Asus - (Core i3 (7th Gen)/4 GB DDR4/1 TB/Windows 10 Home),2.5,(4),9% off,"₹40,990",0,2019-08-14 11:59:20.879670
Desktop PCs,"₹94,000",Dell - (Core i5/8 GB DDR4/1 TB/Windows 10 Pro),0,0,6% off,"₹1,00,000",0,2019-08-14 11:59:20.879670
Desktop PCs,"₹64,990",Dell - (Core i5/4 GB DDR4/1 TB/Windows 10 Home),0,0,5% off,"₹69,000",0,2019-08-14 11:59:20.879670
Desktop PCs,"₹5,555",cpu flicker160 with core 2 duo 2 GB RAM 160 GB Hard Disk 512 GB   Graphics Memory,0,0,41% off,"₹9,500",0,2019-08-14 11:59:20.883938
Desktop PCs,"₹13,999",SYNTRONIC S53812A29 with Core i3 3220 4 GB RAM 500 GB Hard Disk,0,0,12% off,"₹15,999",0,2019-08-14 11:59:20.884969
Desktop PCs,"₹53,999",iBall Ultra Slim Baby 342/i5 9th Mini Tower with Core i5 9th Generation 16 GB RAM 1 TB Hard Disk 120 GB SSD Capacity 2 GB   Graphics Memory,0,0,34% off,"₹82,999",0,2019-08-14 11:59:20.885967
Desktop PCs,"₹11,999",iball Elegante |i3 |320 GB 4GB Mid Tower with Intel i3 4 RAM 320 GB Hard Disk,0,0,25% off,"₹15,999",0,2019-08-14 11:59:20.886515
Desktop PCs,"₹14,690",Wintech WT-I341 Mid Tower with 2100 4 MB RAM 1 TB Hard Disk .512 GB   Graphics Memory,0,0,47% off,"₹27,999",0,2019-08-14 11:59:20.887542
Desktop PCs,"₹11,999",ROHATEK DC31kOC with Dual Core 3rd Gen 4 GB RAM 1 TB Hard Disk,0,0,14% off,"₹13,999",0,2019-08-14 11:59:20.887542
Desktop PCs,"₹16,999",sanaavay C2D-SPL-EDIS Mid Tower with core 2 duo 4 GB RAM 500 GB Hard Disk,0,0,31% off,"₹24,680",0,2019-08-14 11:59:20.887542
Desktop PCs,"₹39,990",Lenovo - (Core i3 (5th Gen)/4 GB DDR3/500 GB/Free DOS/4 GB),4.3,(4),2% off,"₹41,000",0,2019-08-14 11:59:20.891780
Desktop PCs,"₹29,490",iball B-342 Mid Tower with Intel Core i5 16 GB RAM 2000 GB Hard Disk 2GB GB   Graphics Memory,0,0,7% off,"₹31,999",0,2019-08-14 11:59:20.892808
Desktop PCs,"₹29,990",Wintech RED FIRE i3 9 gen Full Tower with Intel® Core™ i3- 9100F 8 GB RAM 1 TB Hard Disk 2 GB   Graphics Memory,0,0,31% off,"₹43,990",0,2019-08-14 11:59:20.893809
Desktop PCs,"₹39,999",ZOONIS GAMING EPIC Ultra Tower with I5 3RD 8 GB RAM 1 TB Hard Disk 120 GB SSD Capacity 4 GB   Graphics Memory,0,0,20% off,"₹49,999",0,2019-08-14 11:59:20.895056
Desktop PCs,"₹31,700",Lenovo 300s Full Tower with Core i3 6100 4 GB RAM 1 TB Hard Disk,4.8,(4),11% off,"₹36,000",0,2019-08-14 11:59:20.896085
Desktop PCs,"₹49,790",iBall Sporty1 Ultra Tower with Core i5 3570 8 GB RAM 2 TB Hard Disk 4 GB   Graphics Memory,0,0,17% off,"₹59,999",0,2019-08-14 11:59:20.897085
Desktop PCs,"₹7,350",sr it solution - (Pentium Dual Core/2 GB DDR2/500 GB/Windows 7 Ultimate/512 MB),4,(1),10% off,"₹8,215",0,2019-08-14 11:59:20.897085
Desktop PCs,"₹2,995","Systene Smart Android Box - Windows 7 Home Basic, S905W, Quad Core Cortex, 1 GB DDR3, 16 GB HDD 1 Mini PC",0,0,40% off,"₹4,999",0,2019-08-14 11:59:20.897085
Desktop PCs,"₹67,990",Dell - (Core i5 (7th Gen)/4 GB DDR4/1 TB/Windows 10 Home),0,0,0,"₹68,000",0,2019-08-14 11:59:20.901712
Desktop PCs,"₹11,390",Wintech WT-i2132 with Intel Core i3-2100 4 MB RAM 320 GB Hard Disk .565 GB   Graphics Memory,0,0,45% off,"₹20,990",0,2019-08-14 11:59:30.396463
Desktop PCs,"₹6,490",sr it solution - (Pentium Dual Core/2 GB DDR2/250 GB/Windows 7 Ultimate/512 MB),0,0,14% off,"₹7,566",0,2019-08-14 11:59:30.397494
Desktop PCs,"₹4,000","SCOMPUTIST SC600 ULTRA - Linux, Dual core, All winner A20 dual core 1.2 Ghz, 512 DDR 3, 4 GB FLASH 512 Mini PC",0,0,50% off,"₹8,000",0,2019-08-14 11:59:30.397494
Desktop PCs,"₹9,999",ROHATEK C21000OC Full Tower with Core 2 Duo 4 GB RAM 1 TB Hard Disk,0,0,20% off,"₹12,499",0,2019-08-14 11:59:30.397494
Desktop PCs,"₹5,555",CPU 160flicker with dual core 2 GB RAM 160 GB Hard Disk 512 GB   Graphics Memory,0,0,43% off,"₹9,900",0,2019-08-14 11:59:30.401958
Desktop PCs,"₹32,799",iball - (Core i7/8 GB DDR3/500 GB/Windows 10 Pro/2 GB),0,0,15% off,"₹39,000",0,2019-08-14 11:59:30.402991
Desktop PCs,"₹49,690",Foxin FC 1113/i7/2T/8 Ultra Tower with Core i7 8 GB RAM 2 TB Hard Disk Integrated GB   Graphics Memory,0,0,29% off,"₹69,999",0,2019-08-14 11:59:30.402991
Desktop PCs,"₹6,200",cpu edge320gb with dual core 2 GB RAM 320 GB Hard Disk 512 GB   Graphics Memory,0,0,40% off,"₹10,500",0,2019-08-14 11:59:30.402991
Desktop PCs,"₹8,990",cpu dc01tb with dual core 4 GB RAM 1 TB Hard Disk 512 GB   Graphics Memory,0,0,55% off,"₹20,000",0,2019-08-14 11:59:30.407114
Desktop PCs,"₹22,999",iBall - (Core i3/4 GB DDR3/500 GB/Windows 10 Pro/1 GB),3,(9),36% off,"₹36,495",0,2019-08-14 11:59:30.408628
Desktop PCs,"₹9,800",wolux - (Core 2 Duo/2 GB DDR2/320 GB/512 MB),2.9,(7),37% off,"₹15,749",0,2019-08-14 11:59:30.409661
Desktop PCs,"₹19,990",Wintech WTRFI3 Full Tower with Intel Core i3-2130 8 GB RAM 1 TB Hard Disk 2 GB   Graphics Memory,0,0,37% off,"₹31,999",0,2019-08-14 11:59:30.409661
Desktop PCs,"₹48,000",Dell - (Core i3/4 GB DDR4/1 TB/Windows 10 Home),0,0,7% off,"₹52,000",0,2019-08-14 11:59:30.413942
Desktop PCs,"₹26,545",Lenovo - (Celeron Dual Core/4 GB DDR3/1 TB/Free DOS),4.2,(669),0,0,0,2019-08-14 11:59:30.414898
Desktop PCs,"₹5,900",CPU 160dc with core 2 duo 2 GB RAM 160 GB Hard Disk 512 GB   Graphics Memory,0,0,37% off,"₹9,500",0,2019-08-14 11:59:30.416891
Desktop PCs,"₹31,990",Dell 3250 with Intel Core i3-6100 4 GB RAM 500 GB Hard Disk,3.8,(4),12% off,"₹36,499",0,2019-08-14 11:59:30.416891
Desktop PCs,"₹48,999",Iball Assembled CPU Mini Tower with Intel Core i7 3770 16 GB RAM 1 TB Hard Disk 120 GB SSD Capacity 2 GB   Graphics Memory,0,0,10% off,"₹54,999",0,2019-08-14 11:59:30.416891
Desktop PCs,"₹6,499",ROHATEK C2500OC with Core 2 Duo 2 GB RAM 500 GB Hard Disk,0,0,27% off,"₹8,999",0,2019-08-14 11:59:30.421145
Desktop PCs,"₹31,999",Iball Gaming Desktop PC Mini Tower with Intel Core I-5 4th Gen 4 GB RAM 1 TB Hard Disk 120 GB SSD Capacity 2 GB   Graphics Memory,0,0,20% off,"₹39,999",0,2019-08-14 11:59:30.422142
Desktop PCs,"₹5,990",Wintech WTD160 with Intel E5700 2 GB RAM 160 GB Hard Disk .546 GB   Graphics Memory,0,0,57% off,"₹13,999",0,2019-08-14 11:59:30.423176
Desktop PCs,"₹7,862",sr it solution cpu113 with dual cour 4 GB RAM 500 GB Hard Disk 512mb GB   Graphics Memory,0,0,25% off,"₹10,500",0,2019-08-14 11:59:30.423176
Desktop PCs,"₹3,499","SreeTeK X96 MAX 2GB 16GB Android 8.1 Mini PC Android TV Box - Amlogic S905X2, Quadcore, 2 GB ddr4, 16 GB HDD 2 Mini PC",0,0,41% off,"₹5,999",0,2019-08-14 11:59:30.423176
Desktop PCs,"₹4,500","SCOMPUTIST SC600 - Linux, All winner A20 dual core 1.2Ghz, A20 dual core 1.2 Ghz, 512 GB DDR3, 4 GB 1 512 Mini PC",1,(2),50% off,"₹9,000",0,2019-08-14 11:59:30.423176
Desktop PCs,"₹2,400","Artek X96 Mini Android 7.1 - Android v4.4 (KitKat), Cortex, Amlogic, 1 GB DDR3, 8 GB Flash 1 Mini PC",0,0,19% off,"₹2,999",0,2019-08-14 11:59:30.427781
Desktop PCs,"₹24,999",ZOONIS Zi54gb Mid Tower with Intel i5-650 8 GB RAM 1 TB Hard Disk 4 GB   Graphics Memory,1.7,(3),16% off,"₹29,999",0,2019-08-14 11:59:30.428816
Desktop PCs,"₹2,395","Systene Android TV BOX - Android v4.4 (KitKat), S905W, Quad Core, 1 GB DDR3, 8 GB HDD 1 Mini PC",0,0,40% off,"₹3,999",0,2019-08-14 11:59:30.428816
Desktop PCs,"₹16,499",Punta - (Core i5/8 GB DDR3/1 TB/Windows 7 Ultimate),3.3,(34),55% off,"₹36,990",0,2019-08-14 11:59:30.428816
Desktop PCs,"₹13,999",Foxin FC 1113 /i5/500/DVD/Wifi Ultra Tower with Core i5 4 GB RAM 500 GB Hard Disk 1 GB   Graphics Memory,3.2,(19),44% off,"₹24,999",0,2019-08-14 11:59:30.433180
Desktop PCs,"₹23,998",RDP - (Celeron Dual Core/4 GB DDR3/1 TB/Windows 10 Home),3.8,(5),0,"₹23,999",0,2019-08-14 11:59:30.434307
Desktop PCs,"₹37,999",Electrobot EB-R3 Mid Tower with Quad Core 8 GB RAM 1 TB Hard Disk 120 GB SSD Capacity 4 GB   Graphics Memory,0,0,5% off,"₹40,000",1,2019-08-14 11:59:30.435339
Desktop PCs,"₹7,099",punta Punta1415 With WIFI and DVD Mini Tower with Core2Duo 4 GB RAM 320 GB Hard Disk .512 GB   Graphics Memory,1.9,(9),55% off,"₹15,999",0,2019-08-14 11:59:30.435339
Desktop PCs,"₹18,999",Punta Superior i5 Mid Tower with Core i5 8 GB RAM 1 TB Hard Disk 120 GB SSD Capacity 2 GB   Graphics Memory,3,(2),36% off,"₹29,999",0,2019-08-14 11:59:30.435339
Desktop PCs,"₹16,499",IBALL DPCInti5 Microtower with INTEL 4 GB RAM 500 GB Hard Disk 1 GB   Graphics Memory,3.1,(15),36% off,"₹25,999",0,2019-08-14 11:59:30.439535
Desktop PCs,"₹37,990",iBall 342 Slim Baby Ultra Tower with Core i7 8 GB RAM 2 TB Hard Disk 1 GB   Graphics Memory,0,0,24% off,"₹49,999",0,2019-08-14 11:59:30.440782
Desktop PCs,"₹4,299","SreeTeK HK1 PLUS - Amlogic S905X2, Quadcore, 4 GB ddr4, 32 GB HDD 4 Mini PC",0,0,52% off,"₹8,999",0,2019-08-14 11:59:30.441812
Desktop PCs,"₹24,900","WZATCO AK3V TV Box Mini PC WiFi Bluetooth 4.1 USB3.0 4K SATA SSD HDD - Windows 10, Intel Apollo Lake, J3455, 6 GB DDR3, 64 GB HDD 6 Mini PC",0,0,16% off,"₹29,900",0,2019-08-14 11:59:30.441812
Desktop PCs,"₹10,500",Zoonis - (Core 2 Duo/4 GB DDR2/500 GB/Windows 7 Ultimate/512 MB),3.1,(38),34% off,"₹15,999",0,2019-08-14 11:59:30.441812
Desktop PCs,"₹5,800",Electrobot EleC2D2 with Core 2 Duo 2 GB RAM 320 GB Hard Disk,3.1,(35),3% off,"₹5,999",0,2019-08-14 11:59:30.446196
Desktop PCs,"₹15,990",iBall Ele/i3/500/4 Mid Tower with Core i3 4 GB RAM 500 GB Hard Disk 1 GB   Graphics Memory,3,(3),46% off,"₹29,999",0,2019-08-14 11:59:30.447230
Desktop PCs,"₹4,299","SreeTeK HK1PLUS 4GB 32GB Android 8.1 Mini PC Android TV Box with Bluetooth WiFi Smart TV Box - Amlogic S905X2, Quadcore, 4 GB ddr4, 32 GB HDD 4 Mini PC",0,0,52% off,"₹8,999",0,2019-08-14 11:59:30.448225
Desktop PCs,"₹15,800","CEREBROZ EDUTREE Class 9 - World's First Educational Device Replacing Live TV Ads with Educational Videos (CBSE / NCERT), ARM cortex A53 Quad core, 1 GB Graphics Card, 2 DDR4, 16 GB eMMC 2 Mini PC",0,0,28% off,"₹21,998",0,2019-08-14 11:59:39.725476
Desktop PCs,"₹41,442",HP - (Core i3/4 GB DDR4/1 TB/Free DOS),0,0,0,0,0,2019-08-14 11:59:39.725476
Desktop PCs,"₹31,499",I Ball Desktop 1 Mini Tower with Intel Core i3 8th Gen 8 GB RAM 1 TB Hard Disk 120 GB SSD Capacity N/A GB GB   Graphics Memory,0,0,25% off,"₹41,999",0,2019-08-14 11:59:39.729577
Desktop PCs,"₹15,800","CEREBROZ EDUTREE Class 7 - World's First Educational Device Replacing Live TV Ads with Educational Videos (CBSE / NCERT), ARM cortex A53 Quad core, 1 GB Graphics Card, 2 DDR4, 16 GB eMMC 2 Mini PC",0,0,28% off,"₹21,998",0,2019-08-14 11:59:39.730573
Desktop PCs,"₹15,800","CEREBROZ EDUTREE Class 6 - World's First Educational Device Replacing Live TV Ads with Educational Videos (CBSE / NCERT), ARM cortex A53 Quad core, 1 GB Graphics Card, 2 DDR4, 16 GB eMMC 2 Mini PC",0,0,28% off,"₹21,998",0,2019-08-14 11:59:39.730573
Desktop PCs,"₹4,499","SreeTeK T95Q 4GB 32GB Android 8.1 Mini PC Android TV Box - Amlogic S905X2, Quadcore, 4 GB ddr4, 32 GB HDD 4 Mini PC",0,0,50% off,"₹8,999",0,2019-08-14 11:59:39.730573
Desktop PCs,"₹8,400","thinvent Combo of 5 Micro 2 2018 Zero client - Linux, ARM, arm710, 512 MB ddr3_sdram, 4 GB Flash 512 Mini PC",0,0,53% off,"₹17,995",0,2019-08-14 11:59:39.734630
Desktop PCs,"₹15,800","CEREBROZ EDUTREE Class 8 - World's First Educational Device Replacing Live TV Ads with Educational Videos (CBSE / NCERT), ARM cortex A53 Quad core, 1 GB Graphics Card, 2 DDR4, 16 GB eMMC 2 Mini PC",0,0,28% off,"₹21,998",0,2019-08-14 11:59:39.734630
Desktop PCs,"₹4,599","SreeTeK X96 MAX 4GB 32GB Android 8.1 Mini PC Android TV Box - Amlogic S905X2, Quadcore, 4 GB ddr4, 32 GB HDD 4 Mini PC",0,0,48% off,"₹8,999",0,2019-08-14 11:59:39.738624
Desktop PCs,"₹35,969","Namek Technologies Mini i3 6100 - 6100U, core_i3, 4 GB DDR3, 120 GB SSD 4 Mini PC",0,0,57% off,"₹85,000",0,2019-08-14 11:59:39.738624
Desktop PCs,"₹15,800","CEREBROZ EDUTREE CERE-EDUD1217V1 - World's First Educational Device Replacing Live TV Ads with Educational Videos (CBSE / NCERT), ARM cortex A53 Quad core, 1 GB Graphics Card, 2 GB DDR4, 16 GB eMMC 2 Mini PC",0,0,28% off,"₹21,998",0,2019-08-14 11:59:39.742619
Desktop PCs,"₹28,824","Namek Technologies i3 6100 - 6100U, core_i3, DDR3, HDD HDD Mini PC",0,0,66% off,"₹85,000",0,2019-08-14 11:59:39.742619
Desktop PCs,"₹3,490","LEOXSYS V1-4K Android 7.1 TV BOX MINI PC 1GB RAM 8GB Storage - Android v4.4 (KitKat), Cortex A7, Quad Core 1.5 GHZ, 0 MB Graphics Card, 1 GB DDR3, 8 GB emmc 1 Mini PC",0,0,41% off,"₹5,990",0,2019-08-14 11:59:39.742619
Desktop PCs,"₹9,799",Punta - (Core 2 Duo/4 GB DDR2/500 GB/Windows 7 Ultimate/512 MB),3.4,(197),59% off,"₹24,332",0,2019-08-14 11:59:39.746722
Desktop PCs,"₹9,799",Punta - (Core 2 Duo/4 GB DDR2/500 GB/Windows 7 Home Basic/4 GB),3.2,(24),47% off,"₹18,600",1,2019-08-14 11:59:39.747718
Desktop PCs,"₹30,000",Dell 3472-2018 with Core i7 8 MB RAM 1 TB Hard Disk,0,0,0,0,0,2019-08-14 11:59:39.747718
Desktop PCs,"₹40,000",Dell 3472-2018_01 with Core i7 8 MB RAM 1 TB Hard Disk,0,0,0,0,0,2019-08-14 11:59:39.747718
Desktop PCs,"₹13,599",Punta - (Core i5/4 GB DDR3/500 GB/Windows 7 Ultimate),3,(99),55% off,"₹30,300",0,2019-08-14 11:59:39.751774
Desktop PCs,"₹12,388",Punta - (Core i3/4 GB DDR3/500 GB/Windows 7 Ultimate),3.2,(58),64% off,"₹34,999",0,2019-08-14 11:59:39.751774
Desktop PCs,"₹11,798",Tegh - (Core 2 Duo/4 GB DDR2/500 GB/Windows 7 Professional/512 MB),0,0,28% off,"₹16,527",0,2019-08-14 11:59:39.751774
Desktop PCs,"₹36,990",iBall - (Core i7/8 GB DDR3/1 TB/Windows 10 Pro/1 GB),0,0,26% off,"₹49,999",0,2019-08-14 11:59:39.755769
Desktop PCs,"₹1,998","Artek MXQ Pro 4K MXQpro - Android v4.4 (KitKat), AMlogic, Quad Core, 1 GB 1 GB DDR3, 8 GB 8GB Flash 1 Mini PC",2.8,(8),66% off,"₹5,999",0,2019-08-14 11:59:39.755769
Desktop PCs,"₹11,999",I BALL - (Core 2 Duo/2 GB DDR2/250 GB/Windows 7 Starter),2.6,(13),36% off,"₹19,000",0,2019-08-14 11:59:39.759990
Desktop PCs,"₹10,440",Tegh - (Core 2 Duo/4 GB DDR2/320 GB/Windows 7 Professional/512 MB),0,0,33% off,"₹15,625",0,2019-08-14 11:59:39.760987
Desktop PCs,"₹10,999",Foxin - (Core 2 Duo/4 GB DDR2/500 GB/Windows 7 Ultimate/4 GB),3.4,(23),44% off,"₹19,900",0,2019-08-14 11:59:39.761984
Desktop PCs,"₹4,999",Foxin New160SER with Core2Duo 2 GB RAM 160 GB Hard Disk 0.512 GB   Graphics Memory,2.7,(7),68% off,"₹15,999",0,2019-08-14 11:59:39.762845
Desktop PCs,"₹6,999",Wintech WT-4500PC with E8500 4 GB RAM 500 GB Hard Disk 500 GB SSD Capacity,2.6,(10),58% off,"₹16,999",0,2019-08-14 11:59:39.764081
Desktop PCs,"₹17,499",iBall - (Core 2 Duo/4 GB DDR3/1 TB/Windows 10 Pro/512 MB),3.1,(23),46% off,"₹32,990",0,2019-08-14 11:59:39.765078
Desktop PCs,"₹7,999",zoonis Z10NS116 Mid Tower with CORE 2 DUO 4 RAM 500 GB Hard Disk MB GB   Graphics Memory,0,0,33% off,"₹11,999",0,2019-08-14 11:59:39.766075
Desktop PCs,"₹16,990",iBall Mosaic i5/500/4 Mid Tower with Core i5 4 GB RAM 500 GB Hard Disk 1 GB   Graphics Memory,0,0,51% off,"₹34,990",0,2019-08-14 11:59:39.766075
Desktop PCs,"₹10,888",Assembled - (Core 2 Duo/4 GB DDR3/500 GB/Free DOS/512 MB),3.2,(27),63% off,"₹29,990",0,2019-08-14 11:59:39.770283
Desktop PCs,"₹9,800",Tegh - (Core 2 Duo/2 GB DDR2/320 GB/Windows 7 Professional/512 MB),0,0,37% off,"₹15,600",0,2019-08-14 11:59:39.771280
Desktop PCs,"₹12,999",zoonis Z10NS131 Mid Tower with CORE i5 1st gen 4 RAM 500 GB Hard Disk GB GB   Graphics Memory,0,0,23% off,"₹16,999",0,2019-08-14 11:59:39.772277
Desktop PCs,"₹14,444",Foxin FC/i3/500/4/DVD/WiFi Full Tower with Core i3 4 GB RAM 500 GB Hard Disk 1 GB   Graphics Memory,1,(1),48% off,"₹27,999",0,2019-08-14 11:59:39.772277
Desktop PCs,"₹13,500",Electrobot ACH61 with Intel Core-i3-2120 4 GB RAM 1 TB Hard Disk,2.2,(5),70% off,"₹45,000",0,2019-08-14 11:59:39.772277
Desktop PCs,"₹29,999",zoonis Z10NS135 Mid Tower with CORE i5 6th genration 8 RAM 500 GB Hard Disk GB GB   Graphics Memory,0,0,23% off,"₹38,999",0,2019-08-14 11:59:39.776352
Desktop PCs,"₹28,488",Asus - (Pentium Quad Core/4 GB DDR4/1 TB/Windows 10 Home),0,0,22% off,"₹36,990",0,2019-08-14 11:59:39.776352
Desktop PCs,"₹18,999",Foxin FC-1113/i5/1T/8/DVD/WiFi Ultra Tower with Core i5 8 GB RAM 1 TB Hard Disk 1 GB   Graphics Memory,1,(2),45% off,"₹34,990",0,2019-08-14 11:59:39.776352
Desktop PCs,"₹13,490",Wintech - (Core 2 Duo/4 GB DDR2/1 TB/Windows 7 Ultimate/512 MB),2.3,(3),46% off,"₹24,990",0,2019-08-14 11:59:39.780481
Desktop PCs,"₹11,588",Punta - (Pentium Dual Core/4 GB DDR2/500 GB/Windows 7 Ultimate/512 MB),3.1,(16),48% off,"₹22,500",0,2019-08-14 11:59:39.781478
Desktop PCs,"₹22,990",iball Arnold Mid Tower with Intel Core i5 8 GB RAM 1000 GB Hard Disk 120 GB SSD Capacity,0,0,14% off,"₹26,999",0,2019-08-14 11:59:49.001241
Desktop PCs,"₹24,999",Iball - (Core i5/8 GB DDR3/1 TB/Windows 7 Ultimate/2 GB),3.5,(11),45% off,"₹45,995",0,2019-08-14 11:59:49.002269
Desktop PCs,"₹7,444",BASAMA RDC4320D with DUAL CORE 2 GB RAM 320 GB Hard Disk,0,0,75% off,"₹30,700",0,2019-08-14 11:59:49.003269
Desktop PCs,"₹17,999",zoonis Z10NS126 Mid Tower with CORE i3 1st gen 8 RAM 1 TB Hard Disk GB GB   Graphics Memory,1,(1),10% off,"₹19,999",0,2019-08-14 11:59:49.004270
Desktop PCs,"₹22,790",Iball 4130i3 with i3-4130 2 GB RAM 1 TB Hard Disk,2.5,(2),29% off,"₹32,500",0,2019-08-14 11:59:49.004270
Desktop PCs,"₹37,999",HP Intel Core 570-P054IN with Core i3 4 GB RAM 1 TB Hard Disk 1 GB   Graphics Memory,0,0,0,0,0,2019-08-14 11:59:49.004270
Desktop PCs,"₹26,000",HP Intel Pentium Dual Core with Intel Pentium 4 GB RAM 500 GB Hard Disk 1 GB   Graphics Memory,0,0,0,0,0,2019-08-14 11:59:49.008401
Desktop PCs,"₹29,999",HP 6th Gen Core 260-P020il with Core i3 4 GB RAM 1 TB Hard Disk 1 GB   Graphics Memory,0,0,0,0,0,2019-08-14 11:59:49.008788
Desktop PCs,"₹5,860",Foxin Axe Red/Blue 320 C2D with Core2Duo 2 GB RAM 320 GB Hard Disk .256 GB   Graphics Memory,3.3,(24),54% off,"₹12,990",0,2019-08-14 11:59:49.010113
Desktop PCs,"₹55,000",HP 550-036 with Intel Core i3 6 GB RAM 1 TB Hard Disk 1 GB   Graphics Memory,0,0,0,0,0,2019-08-14 11:59:49.011110
Desktop PCs,"₹47,000",DHAGAN DHAGANCI5 Mid Tower with i5 8th gen 4 MB RAM 1 TB Hard Disk,0,0,21% off,"₹60,000",0,2019-08-14 11:59:49.012145
Desktop PCs,"₹7,599",zoonis CORE 2 DUO Ultra Tower with 2.66 C2D 4 GB RAM 500 GB Hard Disk 256MB GB   Graphics Memory,3,(4),24% off,"₹9,999",0,2019-08-14 11:59:49.012145
Desktop PCs,"₹9,999",BASAMA RDC22TB with DUAL CORE 2 GB RAM 2 TB Hard Disk,0,0,56% off,"₹23,050",0,2019-08-14 11:59:49.013143
Desktop PCs,"₹5,999",BASAMA RDC2500D with DUAL CORE 2 GB RAM 500 GB Hard Disk,0,0,72% off,"₹22,050",0,2019-08-14 11:59:49.013143
Desktop PCs,"₹6,999",zoonis Z10NS108 Mid Tower with CORE 2 DUO 4 RAM 250 GB Hard Disk MB GB   Graphics Memory,1.8,(5),30% off,"₹9,999",0,2019-08-14 11:59:49.013143
Desktop PCs,"₹10,599",Zoonis - (Core 2 Duo/2 GB DDR2/250 GB/Windows 7 Ultimate/512 MB),2.9,(17),29% off,"₹14,999",0,2019-08-14 11:59:49.017262
Desktop PCs,"₹5,888",BASAMA RDC1250D with DUAL CORE 1 GB RAM 250 GB Hard Disk,0,0,79% off,"₹28,450",0,2019-08-14 11:59:49.017262
Desktop PCs,"₹26,490",Lenovo - (Celeron Dual Core/4 GB DDR3/1 TB/Windows 10 Home),0,0,19% off,"₹32,990",0,2019-08-14 11:59:49.017262
Desktop PCs,"₹7,880",iball Ultraslim/160C2D Mid Tower with Core2Duo 2 GB RAM 160 GB Hard Disk .3 GB   Graphics Memory,0,0,45% off,"₹14,497",0,2019-08-14 11:59:49.021481
Desktop PCs,"₹10,999",DGCAM Budget -Computer Mid Tower with i5 4 GB RAM 500 Hard Disk .512 GB   Graphics Memory,0,0,47% off,"₹21,000",0,2019-08-14 11:59:49.022511
Desktop PCs,"₹80,000",DHAGAN DHAGANCI7 Mid Tower with Intel Core I7 8th Gen 8 RAM 1 TB Hard Disk 2 GB   Graphics Memory,0,0,19% off,"₹99,000",0,2019-08-14 11:59:49.023513
Desktop PCs,"₹10,299",Assembled - (Pentium Dual Core/2 GB DDR2/320 GB/Free DOS/512 MB),1.8,(8),53% off,"₹21,999",0,2019-08-14 11:59:49.025023
Desktop PCs,"₹7,999",BASAMA RDC41TB with DUAL CORE 2 GB RAM 1 TB Hard Disk,0,0,75% off,"₹32,300",0,2019-08-14 11:59:49.026055
Desktop PCs,"₹38,990",Iball - (Core i7/8 GB DDR3/1 TB/Windows 10 Pro/2 GB),2.2,(5),35% off,"₹59,999",0,2019-08-14 11:59:49.026055
Desktop PCs,"₹26,998",RDP - (Pentium Quad Core/4 GB DDR3/1 TB/Windows 10 Home),3,(4),0,"₹26,999",0,2019-08-14 11:59:49.026055
Desktop PCs,"₹85,000",DHAGAN DHAGANCI7W Mid Tower with Intel Core I7 8th Gen 16 RAM 1 TB Hard Disk 2 GB   Graphics Memory,0,0,22% off,"₹1,10,000",0,2019-08-14 11:59:49.030368
Desktop PCs,"₹17,990",Punta Superior i5/4/120 Mid Tower with Core i5 4 RAM 500 Hard Disk 120 GB SSD Capacity 2 GB   Graphics Memory,0,0,45% off,"₹32,999",0,2019-08-14 11:59:49.032396
Desktop PCs,"₹22,999",ZOONIS - (Core i5/8 GB DDR3/1 TB/Windows 10 Pro/1 GB),3.3,(6),20% off,"₹29,000",0,2019-08-14 11:59:49.032396
Desktop PCs,"₹6,790",wintech w630 Full Tower with Dual Core 2 MB RAM 500 GB Hard Disk,2.8,(5),30% off,"₹9,700",0,2019-08-14 11:59:49.032396
Desktop PCs,"₹24,500",Foxin - (Core i5/8 GB DDR3/1 TB/Windows 10 Pro/1 GB),3.1,(10),62% off,"₹64,999",0,2019-08-14 11:59:49.036529
Desktop PCs,"₹22,990",iBall Sporty/i5/1/8 Mid Tower with Core i5 8 GB RAM 1 TB Hard Disk 120 GB SSD Capacity 2 GB   Graphics Memory,0,0,30% off,"₹32,999",0,2019-08-14 11:59:49.037294
Desktop PCs,"₹12,999",zoonis ZI54GB320 with core i5 650 4 GB RAM 320 GB Hard Disk 1.5 GB   Graphics Memory,3.1,(9),18% off,"₹15,999",0,2019-08-14 11:59:49.038325
Desktop PCs,"₹2,499","Artek X96 Mini Android 7.1,Smart Android Box - Android v4.4 (KitKat), Cortex, Amlogic S905W, 2 GB DDR3, 16 GB Flash 2 Mini PC",0,0,37% off,"₹3,999",0,2019-08-14 11:59:49.038325
Desktop PCs,"₹19,490",iBall 342 Baby Slim i3/1T/8 Ultra Tower with Core i3 8 GB RAM 1 TB Hard Disk 1 GB   Graphics Memory,1,(2),40% off,"₹32,999",0,2019-08-14 11:59:49.042449
Desktop PCs,"₹7,890",cpu dc500 with dual core 2 GB RAM 500 GB Hard Disk 512 GB   Graphics Memory,1.5,(2),47% off,"₹15,000",0,2019-08-14 11:59:49.043827
Desktop PCs,"₹16,990",iBall Sporty D Mid Tower with Copre i5 4 GB RAM 500 GB Hard Disk 1 GB   Graphics Memory,0,0,32% off,"₹24,999",0,2019-08-14 11:59:49.044858
Desktop PCs,"₹7,341",Assemble Enter Cabinete Dual Core Mid Tower with Intel 2 GB RAM 500 GB Hard Disk 2 GB   Graphics Memory,1.4,(9),54% off,"₹15,999",0,2019-08-14 11:59:49.044858
Desktop PCs,"₹25,990",Tegh - (Core i5/8 GB DDR3/1 TB/Windows 7 Professional/512 MB),0,0,15% off,"₹30,658",0,2019-08-14 11:59:49.044858
Desktop PCs,"₹42,099",DHAGAN DHAGANCI3 Mid Tower with Intel Core I3 8th Gen 16 RAM 1 TB Hard Disk 2 GB   Graphics Memory,0,0,29% off,"₹60,000",0,2019-08-14 11:59:49.049119
Desktop PCs,"₹11,689",WOLUX - (Core 2 Duo/4 GB DDR2/320 GB/Windows 7 Professional/512 MB),0,0,29% off,"₹16,556",0,2019-08-14 11:59:49.050362
